id,rsid,chromosome,pos,genotype,PRS
1,rs11591147,1,55516852,TT,0.689259
2,rs11591147,1,55516852,CT,0.374259
3,rs11591147,1,55516852,CC,0.0
4,rs45448095,1,55505621,TT,0.1660863
5,rs45448095,1,55505621,CT,0.0820863
6,rs45448095,1,55505621,CC,0.0
7,rs2479409,1,55539201,AA,0.104
8,rs2479409,1,55539201,AG,0.052
9,rs2479409,1,55539201,GG,0.0
10,rs6957201,7,10037201,CC,0.326
11,rs6957201,7,10037201,CT,0.163
12,rs6957201,7,10037201,TT,0.0
13,rs36024104,14,36024104,AA,2.207174908
14,rs36024104,14,36024104,AG,1.103587454
15,rs36024104,14,36024104,GG,0.0
16,rs56075542,2,56075542,TT,2.196557688
17,rs56075542,2,56075542,CT,1.098278844
18,rs56075542,2,56075542,CC,0.0
19,rs7895108,10,7895108,TT,2.182223736
20,rs7895108,10,7895108,CT,1.091111868
21,rs7895108,10,7895108,CC,0.0
22,rs7456039,7,7456039,CC,2.176681676
23,rs7456039,7,7456039,CT,1.088340838
24,rs7456039,7,7456039,TT,0.0
25,rs7624084,3,7624084,TT,2.176000941
26,rs7624084,3,7624084,CT,1.08800047
27,rs7624084,3,7624084,CC,0.0
28,rs1556867,1,1556867,TT,2.175433307
29,rs1556867,1,1556867,CT,1.087716654
30,rs1556867,1,1556867,CC,0.0
31,rs62070229,17,62070229,AA,2.149200786
32,rs62070229,17,62070229,AG,1.074600393
33,rs62070229,17,62070229,GG,0.0
34,rs2855530,14,2855530,CC,2.148850993
35,rs2855530,14,2855530,CT,1.074425497
36,rs2855530,14,2855530,TT,0.0
37,rs7662551,4,7662551,AA,2.143589362
38,rs7662551,4,7662551,AG,1.071794681
39,rs7662551,4,7662551,GG,0.0
40,rs9517964,13,9517964,TT,2.130966059
41,rs9517964,13,9517964,CT,1.06548303
42,rs9517964,13,9517964,CC,0.0
43,rs1954761,11,1954761,TT,2.127874499
44,rs1954761,11,1954761,CT,1.06393725
45,rs1954761,11,1954761,CC,0.0
46,rs745480,10,745480,CC,2.117940841
47,rs745480,10,745480,CT,1.05897042
48,rs745480,10,745480,TT,0.0
49,rs2573081,2,2573081,CC,2.105596499
50,rs2573081,2,2573081,CT,1.05279825
51,rs2573081,2,2573081,TT,0.0
52,rs17428076,2,17428076,CC,2.102058832
53,rs17428076,2,17428076,CT,1.051029416
54,rs17428076,2,17428076,TT,0.0
55,rs12667032,7,12667032,AA,2.07869126
56,rs12667032,7,12667032,AG,1.03934563
57,rs12667032,7,12667032,GG,0.0
58,rs2225986,1,2225986,AA,2.074805813
59,rs2225986,1,2225986,AG,1.037402907
60,rs2225986,1,2225986,GG,0.0
61,rs1207782,6,1207782,TT,2.068759693
62,rs1207782,6,1207782,CT,1.034379847
63,rs1207782,6,1207782,CC,0.0
64,rs72826094,10,72826094,AA,2.064708542
65,rs72826094,10,72826094,AG,1.032354271
66,rs72826094,10,72826094,GG,0.0
67,rs297593,2,297593,TT,2.056172915
68,rs297593,2,297593,CT,1.028086457
69,rs297593,2,297593,CC,0.0
70,rs5442,12,5442,AA,2.056044964
71,rs5442,12,5442,AG,1.028022482
72,rs5442,12,5442,GG,0.0
73,rs10880855,12,10880855,TT,2.051299236
74,rs10880855,12,10880855,CT,1.025649618
75,rs10880855,12,10880855,CC,0.0
76,rs2155413,11,2155413,AA,2.048337797
77,rs2155413,11,2155413,AG,1.024168898
78,rs2155413,11,2155413,GG,0.0
79,rs12405776,1,12405776,TT,2.047176581
80,rs12405776,1,12405776,CT,1.02358829
81,rs12405776,1,12405776,CC,0.0
82,rs2150458,21,2150458,AA,2.045755484
83,rs2150458,21,2150458,AG,1.022877742
84,rs2150458,21,2150458,GG,0.0
85,rs12898755,15,12898755,AA,2.019293369
86,rs12898755,15,12898755,AG,1.009646684
87,rs12898755,15,12898755,GG,0.0
88,rs61991628,14,61991628,AA,0.1216
89,rs61991628,14,61991628,AG,0.0608
90,rs61991628,14,61991628,GG,0.0
91,rs534311,11,534311,TT,0.0904
92,rs534311,11,534311,CT,0.0452
93,rs534311,11,534311,CC,0.0
94,rs145283874,6,9257566,TT,0.1258
95,rs145283874,6,9257566,CT,0.0629
96,rs145283874,6,9257566,CC,0.0
97,rs826222,3,826222,TT,0.079
98,rs826222,3,826222,CT,0.0395
99,rs826222,3,826222,CC,0.0
100,rs36042294,6,36042294,CC,0.1206
101,rs36042294,6,36042294,CT,0.0603
102,rs36042294,6,36042294,TT,0.0
103,rs35909544,6,35909544,AA,0.125
104,rs35909544,6,35909544,AG,0.0625
105,rs35909544,6,35909544,GG,0.0
106,rs714832,17,714832,AA,0.0804
107,rs714832,17,714832,AG,0.0402
108,rs714832,17,714832,GG,0.0
109,rs12193446,6,12193446,AA,2.966869729
110,rs12193446,6,12193446,AG,1.483434864
111,rs12193446,6,12193446,GG,0.0
112,rs524952,15,524952,AA,2.837615405
113,rs524952,15,524952,AG,1.418807703
114,rs524952,15,524952,GG,0.0
115,rs7744813,6,7744813,AA,2.677934577
116,rs7744813,6,7744813,AG,1.338967289
117,rs7744813,6,7744813,GG,0.0
118,rs11602008,11,11602008,AA,2.637484665
119,rs11602008,11,11602008,AG,1.318742333
120,rs11602008,11,11602008,GG,0.0
121,rs3138141,12,3138141,AA,2.62488596
122,rs3138141,12,3138141,AG,1.31244298
123,rs3138141,12,3138141,GG,0.0
124,rs10500355,16,10500355,AA,2.619728876
125,rs10500355,16,10500355,AG,1.309864438
126,rs10500355,16,10500355,GG,0.0
127,rs72621438,8,72621438,CC,2.575432676
128,rs72621438,8,72621438,CT,1.287716338
129,rs72621438,8,72621438,TT,0.0
130,rs1550094,2,1550094,AA,2.544589652
131,rs1550094,2,1550094,AG,1.272294826
132,rs1550094,2,1550094,GG,0.0
133,rs2908972,17,2908972,AA,2.409194828
134,rs2908972,17,2908972,AG,1.204597414
135,rs2908972,17,2908972,GG,0.0
136,rs7829127,8,7829127,AA,2.389771455
137,rs7829127,8,7829127,AG,1.194885727
138,rs7829127,8,7829127,GG,0.0
139,rs6495367,15,6495367,AA,2.32258378
140,rs6495367,15,6495367,AG,1.16129189
141,rs6495367,15,6495367,GG,0.0
142,rs11145465,9,11145465,AA,2.256122219
143,rs11145465,9,11145465,AG,1.128061109
144,rs11145465,9,11145465,GG,0.0
145,rs1649068,10,1649068,AA,2.244850042
146,rs1649068,10,1649068,AG,1.122425021
147,rs1649068,10,1649068,GG,0.0
148,rs7692381,4,7692381,AA,2.240496901
149,rs7692381,4,7692381,AG,1.12024845
150,rs7692381,4,7692381,GG,0.0
151,rs73451523,X,73451523,AA,0.5428
152,rs73451523,X,73451523,AG,0.2714
153,rs73451523,X,73451523,GG,0.0
154,rs12898755,15,12898755,AA,0.1066
155,rs12898755,15,12898755,AG,0.0533
156,rs12898755,15,12898755,GG,0.0
157,rs62236760,3,62236760,AA,0.0946
158,rs62236760,3,62236760,AG,0.0473
159,rs62236760,3,62236760,GG,0.0
160,rs80253120,17,12450368,TT,0.105
161,rs80253120,17,12450368,CT,0.0525
162,rs80253120,17,12450368,CC,0.0
163,rs11913426,22,11913426,AA,0.5926
164,rs11913426,22,11913426,AG,0.2963
165,rs11913426,22,11913426,GG,0.0
166,rs139292688,16,2456147,TT,0.128
167,rs139292688,16,2456147,CT,0.064
168,rs139292688,16,2456147,CC,0.0
169,rs232660,20,232660,AA,0.294
170,rs232660,20,232660,AG,0.147
171,rs232660,20,232660,GG,0.0
172,rs10910076,1,10910076,AA,1.296
173,rs10910076,1,10910076,AG,0.648
174,rs10910076,1,10910076,GG,0.0
175,rs4785742,16,4785742,TT,0.1024
176,rs4785742,16,4785742,CT,0.0512
177,rs4785742,16,4785742,CC,0.0
178,rs11101263,10,11101263,TT,0.094
179,rs11101263,10,11101263,CT,0.047
180,rs11101263,10,11101263,CC,0.0
181,rs334354,9,334354,AA,0.103
182,rs334354,9,334354,AG,0.0515
183,rs334354,9,334354,GG,0.0
184,rs411535,6,411535,AA,0.0858
185,rs411535,6,411535,AG,0.0429
186,rs411535,6,411535,GG,0.0
187,rs17274750,21,17274750,AA,0.14
188,rs17274750,21,17274750,AG,0.07
189,rs17274750,21,17274750,GG,0.0
190,rs9508026,13,9508026,TT,0.0902
191,rs9508026,13,9508026,CT,0.0451
192,rs9508026,13,9508026,CC,0.0
193,rs77409432,16,77409432,AA,0.517
194,rs77409432,16,77409432,AG,0.2585
195,rs77409432,16,77409432,GG,0.0
196,rs10011267,4,10011267,TT,0.0962
197,rs10011267,4,10011267,CT,0.0481
198,rs10011267,4,10011267,CC,0.0
199,rs9972635,16,9972635,TT,0.1684
200,rs9972635,16,9972635,CT,0.0842
201,rs9972635,16,9972635,CC,0.0
202,rs6875688,5,6875688,TT,0.1904
203,rs6875688,5,6875688,CT,0.0952
204,rs6875688,5,6875688,CC,0.0
205,rs77016368,3,77016368,AA,1.1236
206,rs77016368,3,77016368,AG,0.5618
207,rs77016368,3,77016368,GG,0.0
208,rs114827547,6,9257744,AA,0.0948
209,rs114827547,6,9257744,AG,0.0474
210,rs114827547,6,9257744,GG,0.0
211,rs1549426,12,1549426,TT,0.0792
212,rs1549426,12,1549426,CT,0.0396
213,rs1549426,12,1549426,CC,0.0
214,rs1344035,X,1344035,TT,0.0686
215,rs1344035,X,1344035,CT,0.0343
216,rs1344035,X,1344035,CC,0.0
217,rs837335,13,837335,CC,0.08
218,rs837335,13,837335,CT,0.04
219,rs837335,13,837335,TT,0.0
220,rs12193446,6,12193446,AA,0.5028
221,rs12193446,6,12193446,AG,0.2514
222,rs12193446,6,12193446,GG,0.0
223,rs13217285,6,13217285,TT,0.1294
224,rs13217285,6,13217285,CT,0.0647
225,rs13217285,6,13217285,CC,0.0
226,rs11602008,11,11602008,AA,0.2698
227,rs11602008,11,11602008,AG,0.1349
228,rs11602008,11,11602008,GG,0.0
229,rs7624084,3,7624084,TT,0.1146
230,rs7624084,3,7624084,CT,0.0573
231,rs7624084,3,7624084,CC,0.0
232,rs17648524,16,17648524,CC,0.1972
233,rs17648524,16,17648524,CT,0.0986
234,rs17648524,16,17648524,TT,0.0
235,rs9513696,13,9513696,AA,0.1116
236,rs9513696,13,9513696,AG,0.0558
237,rs9513696,13,9513696,GG,0.0
238,rs7744813,6,7744813,AA,0.1856
239,rs7744813,6,7744813,AG,0.0928
240,rs7744813,6,7744813,GG,0.0
241,rs57382675,1,57382675,AA,0.1282
242,rs57382675,1,57382675,AG,0.0641
243,rs57382675,1,57382675,GG,0.0
244,rs7456039,7,7456039,CC,0.404
245,rs7456039,7,7456039,CT,0.202
246,rs7456039,7,7456039,TT,0.0
247,rs1550094,2,1550094,AA,0.1722
248,rs1550094,2,1550094,AG,0.0861
249,rs1550094,2,1550094,GG,0.0
250,rs2738265,14,2738265,CC,0.105
251,rs2738265,14,2738265,CT,0.0525
252,rs2738265,14,2738265,TT,0.0
253,rs10887265,10,10887265,CC,0.1136
254,rs10887265,10,10887265,CT,0.0568
255,rs10887265,10,10887265,TT,0.0
256,rs4141671,10,4141671,TT,0.103
257,rs4141671,10,4141671,CT,0.0515
258,rs4141671,10,4141671,CC,0.0
259,rs12667032,7,12667032,AA,1.869
260,rs12667032,7,12667032,AG,0.9345
261,rs12667032,7,12667032,GG,0.0
262,rs62075723,17,62075723,AA,0.1136
263,rs62075723,17,62075723,AG,0.0568
264,rs62075723,17,62075723,GG,0.0
265,rs3745548,19,3745548,TT,0.9446
266,rs3745548,19,3745548,CT,0.4723
267,rs3745548,19,3745548,CC,0.0
268,rs5442,12,5442,AA,0.1954
269,rs5442,12,5442,AG,0.0977
270,rs5442,12,5442,GG,0.0
271,rs2303635,3,2303635,CC,1.7478
272,rs2303635,3,2303635,CT,0.8739
273,rs2303635,3,2303635,TT,0.0
274,rs1790165,11,1790165,AA,0.1008
275,rs1790165,11,1790165,AG,0.0504
276,rs1790165,11,1790165,GG,0.0
277,rs7067005,X,7067005,TT,1.768
278,rs7067005,X,7067005,CT,0.884
279,rs7067005,X,7067005,CC,0.0
280,rs56299331,10,56299331,TT,0.1216
281,rs56299331,10,56299331,CT,0.0608
282,rs56299331,10,56299331,CC,0.0
283,rs7662551,4,7662551,AA,0.112
284,rs7662551,4,7662551,AG,0.056
285,rs7662551,4,7662551,GG,0.0
286,rs8132840,21,8132840,AA,0.1004
287,rs8132840,21,8132840,AG,0.0502
288,rs8132840,21,8132840,GG,0.0
289,rs7253703,19,7253703,AA,1.024
290,rs7253703,19,7253703,AG,0.512
291,rs7253703,19,7253703,GG,0.0
292,rs11202704,10,11202704,TT,0.0908
293,rs11202704,10,11202704,CT,0.0454
294,rs11202704,10,11202704,CC,0.0
295,rs148844282,7,7099271,TT,0.3952
296,rs148844282,7,7099271,CT,0.1976
297,rs148844282,7,7099271,CC,0.0
298,rs10824518,10,10824518,AA,0.1194
299,rs10824518,10,10824518,AG,0.0597
300,rs10824518,10,10824518,GG,0.0
301,rs524952,15,524952,AA,0.198
302,rs524952,15,524952,AG,0.099
303,rs524952,15,524952,GG,0.0
304,rs72890842,2,72890842,TT,0.1346
305,rs72890842,2,72890842,CT,0.0673
306,rs72890842,2,72890842,CC,0.0
307,rs3138141,12,3138141,AA,0.2402
308,rs3138141,12,3138141,AG,0.1201
309,rs3138141,12,3138141,GG,0.0
310,rs629631,19,629631,TT,0.2692
311,rs629631,19,629631,CT,0.1346
312,rs629631,19,629631,CC,0.0
313,rs72621438,8,72621438,CC,0.1702
314,rs72621438,8,72621438,CT,0.0851
315,rs72621438,8,72621438,TT,0.0
316,rs11145461,9,11145461,TT,0.1336
317,rs11145461,9,11145461,CT,0.0668
318,rs11145461,9,11145461,CC,0.0
319,rs11872104,18,11872104,AA,0.1696
320,rs11872104,18,11872104,AG,0.0848
321,rs11872104,18,11872104,GG,0.0
322,rs2272774,8,2272774,TT,1.176684132
323,rs2272774,8,2272774,CT,0.588342066
324,rs2272774,8,2272774,CC,0.0
325,rs3213636,17,3213636,AA,0.2108
326,rs3213636,17,3213636,AG,0.1054
327,rs3213636,17,3213636,GG,0.0
328,rs7829127,8,7829127,AA,0.183
329,rs7829127,8,7829127,AG,0.0915
330,rs7829127,8,7829127,GG,0.0
331,rs12998513,2,12998513,AA,0.9026
332,rs12998513,2,12998513,AG,0.4513
333,rs12998513,2,12998513,GG,0.0
334,rs28488643,17,28488643,TT,0.583995493
335,rs28488643,17,28488643,CT,0.291997747
336,rs28488643,17,28488643,CC,0.0
337,rs12405776,1,12405776,TT,0.4526
338,rs12405776,1,12405776,CT,0.2263
339,rs12405776,1,12405776,CC,0.0
340,rs2162488,2,2162488,TT,0.2156
341,rs2162488,2,2162488,CT,0.1078
342,rs2162488,2,2162488,CC,0.0
343,rs7286621,22,7286621,AA,1.154125403
344,rs7286621,22,7286621,AG,0.577062702
345,rs7286621,22,7286621,GG,0.0
346,rs5022942,4,5022942,AA,0.1486
347,rs5022942,4,5022942,AG,0.0743
348,rs5022942,4,5022942,GG,0.0
349,rs61049169,2,61049169,AA,0.1258
350,rs61049169,2,61049169,AG,0.0629
351,rs61049169,2,61049169,GG,0.0
352,rs2908972,17,2908972,AA,0.1274
353,rs2908972,17,2908972,AG,0.0637
354,rs2908972,17,2908972,GG,0.0
355,rs17400325,2,17400325,TT,0.2766
356,rs17400325,2,17400325,CT,0.1383
357,rs17400325,2,17400325,CC,0.0
358,rs10919908,1,10919908,AA,0.1014
359,rs10919908,1,10919908,AG,0.0507
360,rs10919908,1,10919908,GG,0.0
361,rs57391541,14,57391541,TT,0.1618
362,rs57391541,14,57391541,CT,0.0809
363,rs57391541,14,57391541,CC,0.0
364,rs12965607,18,12965607,TT,0.1356
365,rs12965607,18,12965607,CT,0.0678
366,rs12965607,18,12965607,CC,0.0
367,rs6602906,13,6602906,AA,0.1686
368,rs6602906,13,6602906,AG,0.0843
369,rs6602906,13,6602906,GG,0.0
370,rs28613963,7,28613963,TT,0.3566
371,rs28613963,7,28613963,CT,0.1783
372,rs28613963,7,28613963,CC,0.0
373,rs7968679,12,7968679,AA,0.1026
374,rs7968679,12,7968679,AG,0.0513
375,rs7968679,12,7968679,GG,0.0
376,rs12883788,14,12883788,TT,0.0982
377,rs12883788,14,12883788,CT,0.0491
378,rs12883788,14,12883788,CC,0.0
379,rs80124906,16,80124906,AA,1.2422
380,rs80124906,16,80124906,AG,0.6211
381,rs80124906,16,80124906,GG,0.0
382,rs1064583,6,1064583,AA,0.0934
383,rs1064583,6,1064583,AG,0.0467
384,rs1064583,6,1064583,GG,0.0
385,rs12001208,9,12001208,TT,0.1056
386,rs12001208,9,12001208,CT,0.0528
387,rs12001208,9,12001208,CC,0.0
388,rs7275394,21,7275394,AA,0.5784
389,rs7275394,21,7275394,AG,0.2892
390,rs7275394,21,7275394,GG,0.0
391,rs2823141,21,2823141,AA,0.092
392,rs2823141,21,2823141,AG,0.046
393,rs2823141,21,2823141,GG,0.0
394,rs479445,1,479445,AA,0.0962
395,rs479445,1,479445,AG,0.0481
396,rs479445,1,479445,GG,0.0
397,rs873693,16,873693,AA,0.1682
398,rs873693,16,873693,AG,0.0841
399,rs873693,16,873693,GG,0.0
400,rs297587,2,297587,AA,0.0994
401,rs297587,2,297587,AG,0.0497
402,rs297587,2,297587,GG,0.0
403,rs4768672,12,4768672,TT,0.0956
404,rs4768672,12,4768672,CT,0.0478
405,rs4768672,12,4768672,CC,0.0
406,rs7333969,13,7333969,TT,0.0962
407,rs7333969,13,7333969,CT,0.0481
408,rs7333969,13,7333969,CC,0.0
409,rs7028032,9,7028032,TT,0.09
410,rs7028032,9,7028032,CT,0.045
411,rs7028032,9,7028032,CC,0.0
412,rs114374770,6,1622915,AA,0.153
413,rs114374770,6,1622915,AG,0.0765
414,rs114374770,6,1622915,GG,0.0
415,rs7754960,6,7754960,CC,0.1118
416,rs7754960,6,7754960,CT,0.0559
417,rs7754960,6,7754960,TT,0.0
418,rs62067167,17,62067167,TT,0.1264
419,rs62067167,17,62067167,CT,0.0632
420,rs62067167,17,62067167,CC,0.0
421,rs77676437,4,77676437,TT,0.1232
422,rs77676437,4,77676437,CT,0.0616
423,rs77676437,4,77676437,CC,0.0
424,rs4805962,19,4805962,TT,0.1768
425,rs4805962,19,4805962,CT,0.0884
426,rs4805962,19,4805962,CC,0.0
427,rs715315,11,715315,TT,0.0972
428,rs715315,11,715315,CT,0.0486
429,rs715315,11,715315,CC,0.0
430,rs36024104,14,36024104,AA,0.1522
431,rs36024104,14,36024104,AG,0.0761
432,rs36024104,14,36024104,GG,0.0
433,rs2155413,11,2155413,AA,0.1152
434,rs2155413,11,2155413,AG,0.0576
435,rs2155413,11,2155413,GG,0.0
436,rs149483638,11,149483638,CC,0.493720156
437,rs149483638,11,149483638,CT,0.246860077
438,rs149483638,11,149483638,TT,0.0
439,rs4905794,14,4905794,GG,3.137231836
440,rs4905794,14,4905794,AG,1.568615918
441,rs4905794,14,4905794,AA,0.0
442,rs12489732,3,12489732,AA,3.800629752
443,rs12489732,3,12489732,AG,1.900314876
444,rs12489732,3,12489732,GG,0.0
445,rs1363119,19,1363119,AA,3.797038012
446,rs1363119,19,1363119,AG,1.898519006
447,rs1363119,19,1363119,GG,0.0
448,rs1620977,1,1620977,AA,3.792539247
449,rs1620977,1,1620977,AG,1.896269623
450,rs1620977,1,1620977,GG,0.0
451,rs4976976,8,4976976,AA,3.791337865
452,rs4976976,8,4976976,AG,1.895668933
453,rs4976976,8,4976976,GG,0.0
454,rs2636699,4,2636699,TT,3.786525109
455,rs2636699,4,2636699,CT,1.893262555
456,rs2636699,4,2636699,CC,0.0
457,rs743134,20,743134,AA,3.786223927
458,rs743134,20,743134,AG,1.893111963
459,rs743134,20,743134,GG,0.0
460,rs4500960,2,4500960,TT,3.785320108
461,rs4500960,2,4500960,CT,1.892660054
462,rs4500960,2,4500960,CC,0.0
463,rs7010173,8,7010173,TT,3.784415881
464,rs7010173,8,7010173,CT,1.89220794
465,rs7010173,8,7010173,CC,0.0
466,rs3092566,20,3092566,TT,3.783511245
467,rs3092566,20,3092566,CT,1.891755622
468,rs3092566,20,3092566,CC,0.0
469,rs13105581,4,13105581,TT,3.782907927
470,rs13105581,4,13105581,CT,1.891453963
471,rs13105581,4,13105581,CC,0.0
472,rs6882046,5,6882046,AA,3.779586419
473,rs6882046,5,6882046,AG,1.889793209
474,rs6882046,5,6882046,GG,0.0
475,rs12707116,7,12707116,TT,3.778981915
476,rs12707116,7,12707116,CT,1.889490958
477,rs12707116,7,12707116,CC,0.0
478,rs6503863,17,6503863,AA,3.777469857
479,rs6503863,17,6503863,AG,1.888734928
480,rs6503863,17,6503863,GG,0.0
481,rs7146202,14,7146202,AA,3.776562072
482,rs7146202,14,7146202,AG,1.888281036
483,rs7146202,14,7146202,GG,0.0
484,rs7749823,6,7749823,AA,3.775048182
485,rs7749823,6,7749823,AG,1.887524091
486,rs7749823,6,7749823,GG,0.0
487,rs1699462,9,1699462,TT,3.773533146
488,rs1699462,9,1699462,CT,1.886766573
489,rs1699462,9,1699462,CC,0.0
490,rs10875914,12,10875914,AA,3.771106697
491,rs10875914,12,10875914,AG,1.885553348
492,rs10875914,12,10875914,GG,0.0
493,rs17589603,1,17589603,AA,3.770196019
494,rs17589603,1,17589603,AG,1.88509801
495,rs17589603,1,17589603,GG,0.0
496,rs10914462,1,10914462,AA,3.765940699
497,rs10914462,1,10914462,AG,1.882970349
498,rs10914462,1,10914462,GG,0.0
499,rs9467707,6,9467707,CC,3.762895631
500,rs9467707,6,9467707,CT,1.881447815
501,rs9467707,6,9467707,TT,0.0
502,rs750155,16,750155,TT,3.759235419
503,rs750155,16,750155,CT,1.879617709
504,rs750155,16,750155,CC,0.0
505,rs11209943,1,11209943,AA,3.757708352
506,rs11209943,1,11209943,AG,1.878854176
507,rs11209943,1,11209943,GG,0.0
508,rs750472,8,750472,AA,3.757097199
509,rs750472,8,750472,AG,1.878548599
510,rs750472,8,750472,GG,0.0
511,rs6074798,20,6074798,AA,3.75342635
512,rs6074798,20,6074798,AG,1.876713175
513,rs6074798,20,6074798,GG,0.0
514,rs9257802,6,9257802,TT,3.753120142
515,rs9257802,6,9257802,CT,1.876560071
516,rs9257802,6,9257802,CC,0.0
517,rs1724425,17,1724425,TT,3.753120142
518,rs1724425,17,1724425,CT,1.876560071
519,rs1724425,17,1724425,CC,0.0
520,rs7613360,3,7613360,TT,3.748828295
521,rs7613360,3,7613360,CT,1.874414147
522,rs7613360,3,7613360,CC,0.0
523,rs3129977,6,3129977,AA,3.742988874
524,rs3129977,6,3129977,AG,1.871494437
525,rs3129977,6,3129977,GG,0.0
526,rs9467714,6,9467714,AA,3.737749639
527,rs9467714,6,9467714,AG,1.868874819
528,rs9467714,6,9467714,GG,0.0
529,rs7193413,16,7193413,AA,3.735279359
530,rs7193413,16,7193413,AG,1.86763968
531,rs7193413,16,7193413,GG,0.0
532,rs2726032,16,2726032,TT,3.733733883
533,rs2726032,16,2726032,CT,1.866866942
534,rs2726032,16,2726032,CC,0.0
535,rs77418166,6,77418166,TT,3.729090278
536,rs77418166,6,77418166,CT,1.864545139
537,rs77418166,6,77418166,CC,0.0
538,rs28646281,17,28646281,TT,3.726609273
539,rs28646281,17,28646281,CT,1.863304636
540,rs28646281,17,28646281,CC,0.0
541,rs702223,9,702223,AA,3.715406505
542,rs702223,9,702223,AG,1.857703253
543,rs702223,9,702223,GG,0.0
544,rs2273558,6,2273558,AA,3.714782285
545,rs2273558,6,2273558,AG,1.857391143
546,rs2273558,6,2273558,GG,0.0
547,rs1526123,17,1526123,TT,3.713533261
548,rs1526123,17,1526123,CT,1.856766631
549,rs1526123,17,1526123,CC,0.0
550,rs1362104,6,1362104,AA,3.711970883
551,rs1362104,6,1362104,AG,1.855985441
552,rs1362104,6,1362104,GG,0.0
553,rs1318878,12,1318878,AA,3.70664965
554,rs1318878,12,1318878,AG,1.853324825
555,rs1318878,12,1318878,GG,0.0
556,rs56116382,3,56116382,AA,3.70602269
557,rs56116382,3,56116382,AG,1.853011345
558,rs56116382,3,56116382,GG,0.0
559,rs1391438,4,1391438,TT,3.703826784
560,rs1391438,4,1391438,CT,1.851913392
561,rs1391438,4,1391438,CC,0.0
562,rs2333604,14,2333604,AA,3.703826784
563,rs2333604,14,2333604,AG,1.851913392
564,rs2333604,14,2333604,GG,0.0
565,rs113714691,8,113714691,TT,3.702570897
566,rs113714691,8,113714691,CT,1.851285448
567,rs113714691,8,113714691,CC,0.0
568,rs77482156,6,77482156,TT,3.700685587
569,rs77482156,6,77482156,CT,1.850342793
570,rs77482156,6,77482156,CC,0.0
571,rs2074404,17,2074404,TT,3.700685587
572,rs2074404,17,2074404,CT,1.850342793
573,rs2074404,17,2074404,CC,0.0
574,rs407102,1,407102,TT,3.697224562
575,rs407102,1,407102,CT,1.848612281
576,rs407102,1,407102,CC,0.0
577,rs13001130,2,13001130,AA,3.697539448
578,rs13001130,2,13001130,AG,1.848769724
579,rs13001130,2,13001130,GG,0.0
580,rs61104616,5,61104616,AA,3.695018969
581,rs61104616,5,61104616,AG,1.847509484
582,rs61104616,5,61104616,GG,0.0
583,rs73234901,7,73234901,AA,3.692495309
584,rs73234901,7,73234901,AG,1.846247654
585,rs73234901,7,73234901,GG,0.0
586,rs3843738,17,3843738,AA,3.692179627
587,rs3843738,17,3843738,AG,1.846089814
588,rs3843738,17,3843738,GG,0.0
589,rs62439690,7,62439690,AA,3.690600472
590,rs62439690,7,62439690,AG,1.845300236
591,rs62439690,7,62439690,GG,0.0
592,rs2309812,2,2309812,TT,3.904636291
593,rs2309812,2,2309812,CT,1.952318145
594,rs2309812,2,2309812,CC,0.0
595,rs9366673,6,9366673,CC,3.900942321
596,rs9366673,6,9366673,CT,1.95047116
597,rs9366673,6,9366673,TT,0.0
598,rs2336670,3,2336670,TT,3.896671553
599,rs2336670,3,2336670,CT,1.948335776
600,rs2336670,3,2336670,CC,0.0
601,rs11662271,18,11662271,TT,3.883517373
602,rs11662271,18,11662271,CT,1.941758686
603,rs11662271,18,11662271,CC,0.0
604,rs72801843,16,72801843,AA,3.882943485
605,rs72801843,16,72801843,AG,1.941471742
606,rs72801843,16,72801843,GG,0.0
607,rs9949444,18,9949444,AA,3.872296744
608,rs9949444,18,9949444,AG,1.936148372
609,rs9949444,18,9949444,GG,0.0
610,rs36051354,3,36051354,TT,3.870853638
611,rs36051354,3,36051354,CT,1.935426819
612,rs36051354,3,36051354,CC,0.0
613,rs62170823,2,62170823,AA,3.86940949
614,rs62170823,2,62170823,AG,1.934704745
615,rs62170823,2,62170823,GG,0.0
616,rs10514301,5,10514301,TT,3.864491574
617,rs10514301,5,10514301,CT,1.932245787
618,rs10514301,5,10514301,CC,0.0
619,rs926300,6,926300,AA,3.863622449
620,rs926300,6,926300,AG,1.931811225
621,rs926300,6,926300,GG,0.0
622,rs1233578,6,1233578,AA,3.862752947
623,rs1233578,6,1233578,AG,1.931376474
624,rs1233578,6,1233578,GG,0.0
625,rs1702877,12,1702877,TT,3.855492357
626,rs1702877,12,1702877,CT,1.927746178
627,rs1702877,12,1702877,CC,0.0
628,rs9836970,3,9836970,AA,3.850248363
629,rs9836970,3,9836970,AG,1.925124181
630,rs9836970,3,9836970,GG,0.0
631,rs7775835,6,7775835,TT,3.84089162
632,rs7775835,6,7775835,CT,1.92044581
633,rs7775835,6,7775835,CC,0.0
634,rs9597254,13,9597254,AA,3.838838985
635,rs9597254,13,9597254,AG,1.919419492
636,rs9597254,13,9597254,GG,0.0
637,rs713522,17,713522,TT,3.835021349
638,rs713522,17,713522,CT,1.917510674
639,rs713522,17,713522,CC,0.0
640,rs3101338,1,3101338,AA,3.832668408
641,rs3101338,1,3101338,AG,1.916334204
642,rs3101338,1,3101338,GG,0.0
643,rs885916,6,885916,TT,3.83178534
644,rs885916,6,885916,CT,1.91589267
645,rs885916,6,885916,CC,0.0
646,rs9921412,16,9921412,TT,3.830607311
647,rs9921412,16,9921412,CT,1.915303655
648,rs9921412,16,9921412,CC,0.0
649,rs640177,5,640177,AA,3.827069052
650,rs640177,5,640177,AG,1.913534526
651,rs640177,5,640177,GG,0.0
652,rs1408579,10,1408579,TT,3.825592929
653,rs1408579,10,1408579,CT,1.912796464
654,rs1408579,10,1408579,CC,0.0
655,rs11130194,3,11130194,AA,3.823228862
656,rs11130194,3,11130194,AG,1.911614431
657,rs11130194,3,11130194,GG,0.0
658,rs61544985,7,61544985,AA,3.819973701
659,rs61544985,7,61544985,AG,1.90998685
660,rs61544985,7,61544985,GG,0.0
661,rs3799378,6,3799378,AA,3.800928772
662,rs3799378,6,3799378,AG,1.900464386
663,rs3799378,6,3799378,GG,0.0
664,rs11191270,10,11191270,TT,3.800629752
665,rs11191270,10,11191270,CT,1.900314876
666,rs11191270,10,11191270,CC,0.0
667,rs7619139,3,7619139,TT,0.318
668,rs7619139,3,7619139,CT,0.159
669,rs7619139,3,7619139,CC,0.0
670,rs1421085,16,1421085,CC,0.158
671,rs1421085,16,1421085,CT,0.079
672,rs1421085,16,1421085,TT,0.0
673,rs838133,19,838133,AA,0.464
674,rs838133,19,838133,AG,0.232
675,rs838133,19,838133,GG,0.0
676,rs838133,19,838133,AA,0.354
677,rs838133,19,838133,AG,0.177
678,rs838133,19,838133,GG,0.0
679,rs838133,19,838133,AA,0.222
680,rs838133,19,838133,AG,0.111
681,rs838133,19,838133,GG,0.0
682,rs6762267,3,6762267,CC,0.095674659
683,rs6762267,3,6762267,CT,0.047837329
684,rs6762267,3,6762267,TT,0.0
685,rs727644,7,727644,GG,0.06105841
686,rs727644,7,727644,AG,0.030529205
687,rs727644,7,727644,AA,0.0
688,rs62519827,8,62519827,TT,0.082283887
689,rs62519827,8,62519827,CT,0.041141943
690,rs62519827,8,62519827,CC,0.0
691,rs9841382,3,9841382,CC,0.074591569
692,rs9841382,3,9841382,CT,0.037295785
693,rs9841382,3,9841382,TT,0.0
694,rs58560561,1,58560561,GG,0.055230334
695,rs58560561,1,58560561,AG,0.027615167
696,rs58560561,1,58560561,AA,0.0
697,rs992493,4,992493,TT,0.06493438
698,rs992493,4,992493,CT,0.03246719
699,rs992493,4,992493,CC,0.0
700,rs6923811,6,6923811,TT,0.053283862
701,rs6923811,6,6923811,CT,0.026641931
702,rs6923811,6,6923811,CC,0.0
703,rs7817124,8,7817124,CC,0.059117604
704,rs7817124,8,7817124,CT,0.029558802
705,rs7817124,8,7817124,TT,0.0
706,rs4801000,18,4801000,GG,0.049385225
707,rs4801000,18,4801000,AG,0.024692613
708,rs4801000,18,4801000,AA,0.0
709,rs4653015,1,4653015,TT,0.053283862
710,rs4653015,1,4653015,CT,0.026641931
711,rs4653015,1,4653015,CC,0.0
712,rs12476923,2,12476923,AA,0.049385225
713,rs12476923,2,12476923,AG,0.024692613
714,rs12476923,2,12476923,GG,0.0
715,rs283914,3,283914,TT,0.047433053
716,rs283914,3,283914,CT,0.023716527
717,rs283914,3,283914,CC,0.0
718,rs4233093,1,4233093,AA,0.047433053
719,rs4233093,1,4233093,AG,0.023716527
720,rs4233093,1,4233093,GG,0.0
721,rs7829912,8,7829912,TT,0.047433053
722,rs7829912,8,7829912,CT,0.023716527
723,rs7829912,8,7829912,CC,0.0
724,rs3117340,6,3117340,GG,0.047433053
725,rs3117340,6,3117340,AG,0.023716527
726,rs3117340,6,3117340,AA,0.0
727,rs1381287,14,1381287,TT,0.045478974
728,rs1381287,14,1381287,CT,0.022739487
729,rs1381287,14,1381287,CC,0.0
730,rs28520003,22,28520003,GG,0.049385225
731,rs28520003,22,28520003,AG,0.024692613
732,rs28520003,22,28520003,AA,0.0
733,rs12115650,9,12115650,GG,0.051335494
734,rs12115650,9,12115650,AG,0.025667747
735,rs12115650,9,12115650,AA,0.0
736,rs11226319,11,11226319,AA,0.062997334
737,rs11226319,11,11226319,AG,0.031498667
738,rs11226319,11,11226319,GG,0.0
739,rs1358391,7,1358391,GG,0.045478974
740,rs1358391,7,1358391,AG,0.022739487
741,rs1358391,7,1358391,AA,0.0
742,rs12617392,2,12617392,CC,0.045478974
743,rs12617392,2,12617392,CT,0.022739487
744,rs12617392,2,12617392,TT,0.0
745,rs542883,2,542883,CC,0.045478974
746,rs542883,2,542883,CT,0.022739487
747,rs542883,2,542883,TT,0.0
748,rs10823791,10,10823791,TT,0.045478974
749,rs10823791,10,10823791,CT,0.022739487
750,rs10823791,10,10823791,CC,0.0
751,rs34905321,6,34905321,TT,0.043522984
752,rs34905321,6,34905321,CT,0.021761492
753,rs34905321,6,34905321,CC,0.0
754,rs891124,16,891124,TT,0.047433053
755,rs891124,16,891124,CT,0.023716527
756,rs891124,16,891124,CC,0.0
757,rs10514303,5,10514303,AA,3.534250377
758,rs10514303,5,10514303,AG,1.767125188
759,rs10514303,5,10514303,GG,0.0
760,rs61104616,5,61104616,AA,3.856946585
761,rs61104616,5,61104616,AG,1.928473293
762,rs61104616,5,61104616,GG,0.0
763,rs770463,5,770463,TT,3.425071741
764,rs770463,5,770463,CT,1.71253587
765,rs770463,5,770463,CC,0.0
766,rs304132,5,304132,AA,3.495266822
767,rs304132,5,304132,AG,1.747633411
768,rs304132,5,304132,GG,0.0
769,rs11742251,5,11742251,AA,3.5451533
770,rs11742251,5,11742251,AG,1.77257665
771,rs11742251,5,11742251,GG,0.0
772,rs55763037,5,55763037,AA,3.410586796
773,rs55763037,5,55763037,AG,1.705293398
774,rs55763037,5,55763037,GG,0.0
775,rs6881733,5,6881733,TT,3.581851577
776,rs6881733,5,6881733,CT,1.790925788
777,rs6881733,5,6881733,CC,0.0
778,rs10477894,5,10477894,AA,3.436225858
779,rs10477894,5,10477894,AG,1.718112929
780,rs10477894,5,10477894,GG,0.0
781,rs722895,5,722895,AA,3.814932554
782,rs722895,5,722895,AG,1.907466277
783,rs722895,5,722895,GG,0.0
784,rs255892,5,255892,AA,3.525690918
785,rs255892,5,255892,AG,1.762845459
786,rs255892,5,255892,GG,0.0
787,rs255896,5,255896,TT,3.558361374
788,rs255896,5,255896,CT,1.779180687
789,rs255896,5,255896,CC,0.0
790,rs154081,5,154081,AA,3.473550322
791,rs154081,5,154081,AG,1.736775161
792,rs154081,5,154081,GG,0.0
793,rs27757,5,27757,AA,3.495266822
794,rs27757,5,27757,AG,1.747633411
795,rs27757,5,27757,GG,0.0
796,rs67432087,5,67432087,TT,3.612967729
797,rs67432087,5,67432087,CT,1.806483865
798,rs67432087,5,67432087,CC,0.0
799,rs739954,5,739954,TT,3.642960141
800,rs739954,5,739954,CT,1.821480071
801,rs739954,5,739954,CC,0.0
802,rs4150196,5,4150196,TT,3.429396846
803,rs4150196,5,4150196,CT,1.714698423
804,rs4150196,5,4150196,CC,0.0
805,rs17208215,5,17208215,TT,3.410223325
806,rs17208215,5,17208215,CT,1.705111662
807,rs17208215,5,17208215,CC,0.0
808,rs75836061,5,75836061,AA,3.453019168
809,rs75836061,5,75836061,AG,1.726509584
810,rs75836061,5,75836061,GG,0.0
811,rs830383,5,830383,AA,3.413855067
812,rs830383,5,830383,AG,1.706927534
813,rs830383,5,830383,GG,0.0
814,rs604290,6,604290,AA,3.460122709
815,rs604290,6,604290,AG,1.730061355
816,rs604290,6,604290,GG,0.0
817,rs3749971,6,3749971,AA,3.559711129
818,rs3749971,6,3749971,AG,1.779855565
819,rs3749971,6,3749971,GG,0.0
820,rs11153822,6,11153822,TT,3.824411245
821,rs11153822,6,11153822,CT,1.912205622
822,rs11153822,6,11153822,CC,0.0
823,rs1933720,6,1933720,TT,4.164874101
824,rs1933720,6,1933720,CT,2.08243705
825,rs1933720,6,1933720,CC,0.0
826,rs9320747,6,9320747,TT,4.435143437
827,rs9320747,6,9320747,CT,2.217571719
828,rs9320747,6,9320747,CC,0.0
829,rs12190777,6,12190777,AA,3.412403162
830,rs12190777,6,12190777,AG,1.706201581
831,rs12190777,6,12190777,GG,0.0
832,rs12211582,6,12211582,TT,4.306080911
833,rs12211582,6,12211582,CT,2.153040456
834,rs12211582,6,12211582,CC,0.0
835,rs4587178,6,4587178,TT,4.154127434
836,rs4587178,6,4587178,CT,2.077063717
837,rs4587178,6,4587178,CC,0.0
838,rs9401452,6,9401452,TT,4.841447242
839,rs9401452,6,9401452,CT,2.420723621
840,rs9401452,6,9401452,CC,0.0
841,rs17813294,6,17813294,CC,4.286709735
842,rs17813294,6,17813294,CT,2.143354867
843,rs17813294,6,17813294,TT,0.0
844,rs6931604,6,6931604,TT,4.304919269
845,rs6931604,6,6931604,CT,2.152459634
846,rs6931604,6,6931604,CC,0.0
847,rs17814604,6,17814604,AA,4.029806041
848,rs17814604,6,17814604,AG,2.01490302
849,rs17814604,6,17814604,GG,0.0
850,rs62422686,6,62422686,CC,3.420013935
851,rs62422686,6,62422686,CT,1.710006967
852,rs62422686,6,62422686,TT,0.0
853,rs75477016,6,75477016,TT,3.875467915
854,rs75477016,6,75477016,CT,1.937733958
855,rs75477016,6,75477016,CC,0.0
856,rs7769568,6,7769568,AA,3.419652173
857,rs7769568,6,7769568,AG,1.709826086
858,rs7769568,6,7769568,GG,0.0
859,rs6568547,6,6568547,TT,3.56879823
860,rs6568547,6,6568547,CT,1.784399115
861,rs6568547,6,6568547,CC,0.0
862,rs6927268,6,6927268,TT,3.519505346
863,rs6927268,6,6927268,CT,1.759752673
864,rs6927268,6,6927268,CC,0.0
865,rs3813498,6,3813498,TT,3.922160428
866,rs3813498,6,3813498,CT,1.961080214
867,rs3813498,6,3813498,CC,0.0
868,rs4946935,6,4946935,AA,4.268332883
869,rs4946935,6,4946935,AG,2.134166441
870,rs4946935,6,4946935,GG,0.0
871,rs10950995,7,10950995,TT,3.460831678
872,rs10950995,7,10950995,CT,1.730415839
873,rs10950995,7,10950995,CC,0.0
874,rs3735478,7,3735478,TT,3.773836245
875,rs3735478,7,3735478,CT,1.886918122
876,rs3735478,7,3735478,CC,0.0
877,rs1050331,7,1050331,TT,3.577175556
878,rs1050331,7,1050331,CT,1.788587778
879,rs1050331,7,1050331,CC,0.0
880,rs4720485,7,4720485,AA,3.444818782
881,rs4720485,7,4720485,AG,1.722409391
882,rs4720485,7,4720485,GG,0.0
883,rs3094893,7,3094893,TT,3.44338919
884,rs3094893,7,3094893,CT,1.721694595
885,rs3094893,7,3094893,CC,0.0
886,rs865225,7,865225,AA,3.500833011
887,rs865225,7,865225,AG,1.750416505
888,rs865225,7,865225,GG,0.0
889,rs34711194,7,34711194,AA,3.752813886
890,rs34711194,7,34711194,AG,1.876406943
891,rs34711194,7,34711194,GG,0.0
892,rs55841409,7,55841409,AA,3.444104114
893,rs55841409,7,55841409,AG,1.722052057
894,rs55841409,7,55841409,GG,0.0
895,rs10227076,7,10227076,AA,3.538345941
896,rs10227076,7,10227076,AG,1.76917297
897,rs10227076,7,10227076,GG,0.0
898,rs951809,7,951809,AA,3.664842902
899,rs951809,7,951809,AG,1.832421451
900,rs951809,7,951809,GG,0.0
901,rs10247993,7,10247993,TT,3.44160076
902,rs10247993,7,10247993,CT,1.72080038
903,rs10247993,7,10247993,CC,0.0
904,rs10282411,7,10282411,TT,3.832962677
905,rs10282411,7,10282411,CT,1.916481338
906,rs10282411,7,10282411,CC,0.0
907,rs78744187,19,78744187,TT,0.260426
908,rs78744187,19,78744187,CT,0.130213
909,rs78744187,19,78744187,CC,0.0
910,rs34158728,19,34158728,AA,0.189626
911,rs34158728,19,34158728,AG,0.094813
912,rs34158728,19,34158728,GG,0.0
913,rs7253094,19,7253094,CC,0.031276
914,rs7253094,19,7253094,CT,0.015638
915,rs7253094,19,7253094,TT,0.0
916,rs4760,19,4760,GG,0.038924
917,rs4760,19,4760,AG,0.019462
918,rs4760,19,4760,AA,0.0
919,rs143273199,19,143273199,CC,0.0375
920,rs143273199,19,143273199,CT,0.01875
921,rs143273199,19,143273199,TT,0.0
922,rs12459419,19,12459419,TT,0.033386
923,rs12459419,19,12459419,CT,0.016693
924,rs12459419,19,12459419,CC,0.0
925,rs6141781,20,6141781,TT,0.065024
926,rs6141781,20,6141781,CT,0.032512
927,rs6141781,20,6141781,CC,0.0
928,rs4812449,20,4812449,GG,0.029484
929,rs4812449,20,4812449,AG,0.014742
930,rs4812449,20,4812449,AA,0.0
931,rs2834670,21,2834670,GG,0.056518
932,rs2834670,21,2834670,AG,0.028259
933,rs2834670,21,2834670,AA,0.0
934,rs138595256,21,138595256,GG,0.128354
935,rs138595256,21,138595256,AG,0.064177
936,rs138595256,21,138595256,AA,0.0
937,rs7285377,22,7285377,TT,0.02899
938,rs7285377,22,7285377,CT,0.014495
939,rs7285377,22,7285377,CC,0.0
940,rs34288539,22,34288539,TT,0.030314
941,rs34288539,22,34288539,CT,0.015157
942,rs34288539,22,34288539,CC,0.0
943,rs5750482,22,5750482,CC,0.027192
944,rs5750482,22,5750482,CT,0.013596
945,rs5750482,22,5750482,TT,0.0
946,rs34780507,22,34780507,GG,0.07024
947,rs34780507,22,34780507,AG,0.03512
948,rs34780507,22,34780507,AA,0.0
949,rs143290435,22,143290435,CC,0.080494
950,rs143290435,22,143290435,CT,0.040247
951,rs143290435,22,143290435,TT,0.0
952,rs5766582,22,5766582,TT,0.033872
953,rs5766582,22,5766582,CT,0.016936
954,rs5766582,22,5766582,CC,0.0
955,rs1888341,1,1888341,GG,0.119968
956,rs1888341,1,1888341,AG,0.059984
957,rs1888341,1,1888341,AA,0.0
958,rs12122584,1,12122584,AA,0.080228
959,rs12122584,1,12122584,AG,0.040114
960,rs12122584,1,12122584,GG,0.0
961,rs1418549,1,1418549,GG,0.104992
962,rs1418549,1,1418549,AG,0.052496
963,rs1418549,1,1418549,AA,0.0
964,rs6722387,2,6722387,AA,0.114844
965,rs6722387,2,6722387,AG,0.057422
966,rs6722387,2,6722387,GG,0.0
967,rs10930969,2,10930969,GG,0.07795
968,rs10930969,2,10930969,AG,0.038975
969,rs10930969,2,10930969,AA,0.0
970,rs3755397,2,3755397,GG,0.089749492
971,rs3755397,2,3755397,AG,0.044874746
972,rs3755397,2,3755397,AA,0.0
973,rs34290285,2,34290285,AA,0.089782468
974,rs34290285,2,34290285,AG,0.044891234
975,rs34290285,2,34290285,GG,0.0
976,rs4973659,2,4973659,AA,0.048634694
977,rs4973659,2,4973659,AG,0.024317347
978,rs4973659,2,4973659,GG,0.0
979,rs55865625,3,55865625,GG,0.05334925
980,rs55865625,3,55865625,AG,0.026674625
981,rs55865625,3,55865625,AA,0.0
982,rs163897,3,163897,CC,0.03465977
983,rs163897,3,163897,CT,0.017329885
984,rs163897,3,163897,TT,0.0
985,rs745974379,3,745974379,AA,0.04183441
986,rs745974379,3,745974379,AG,0.020917205
987,rs745974379,3,745974379,GG,0.0
988,rs1695315,3,1695315,AA,0.07388604
989,rs1695315,3,1695315,AG,0.03694302
990,rs1695315,3,1695315,GG,0.0
991,rs115820364,3,115820364,TT,0.073885814
992,rs115820364,3,115820364,CT,0.036942907
993,rs115820364,3,115820364,CC,0.0
994,rs155583,3,155583,TT,0.026910426
995,rs155583,3,155583,CT,0.013455213
996,rs155583,3,155583,CC,0.0
997,rs56395424,3,56395424,AA,0.041268702
998,rs56395424,3,56395424,AG,0.020634351
999,rs56395424,3,56395424,GG,0.0
1000,rs2960422,3,2960422,AA,0.044568152
1001,rs2960422,3,2960422,AG,0.022284076
1002,rs2960422,3,2960422,GG,0.0
1003,rs9852648,3,9852648,GG,0.05096851
1004,rs9852648,3,9852648,AG,0.025484255
1005,rs9852648,3,9852648,AA,0.0
1006,rs7618405,3,7618405,AA,0.03791526
1007,rs7618405,3,7618405,AG,0.01895763
1008,rs7618405,3,7618405,GG,0.0
1009,rs6550653,3,6550653,GG,0.027725592
1010,rs6550653,3,6550653,AG,0.013862796
1011,rs6550653,3,6550653,AA,0.0
1012,rs13073683,3,13073683,CC,0.031919796
1013,rs13073683,3,13073683,CT,0.015959898
1014,rs13073683,3,13073683,TT,0.0
1015,rs1353286,3,1353286,GG,0.041263514
1016,rs1353286,3,1353286,AG,0.020631757
1017,rs1353286,3,1353286,AA,0.0
1018,rs7646283,3,7646283,TT,0.053351786
1019,rs7646283,3,7646283,CT,0.026675893
1020,rs7646283,3,7646283,CC,0.0
1021,rs7433284,3,7433284,AA,0.036291688
1022,rs7433284,3,7433284,AG,0.018145844
1023,rs7433284,3,7433284,GG,0.0
1024,rs2228467,3,2228467,CC,0.10994646
1025,rs2228467,3,2228467,CT,0.05497323
1026,rs2228467,3,2228467,TT,0.0
1027,rs138346219,3,138346219,GG,0.4847056
1028,rs138346219,3,138346219,AG,0.2423528
1029,rs138346219,3,138346219,AA,0.0
1030,rs199527736,3,199527736,AA,0.03442267
1031,rs199527736,3,199527736,AG,0.017211335
1032,rs199527736,3,199527736,GG,0.0
1033,rs6808104,3,6808104,GG,0.033807218
1034,rs6808104,3,6808104,AG,0.016903609
1035,rs6808104,3,6808104,AA,0.0
1036,rs34223701,3,34223701,AT,0.050425782
1037,rs34223701,3,34223701,AT/ref,0.025212891
1038,rs34223701,3,34223701,ref/ref,0.0
1039,rs73072483,3,73072483,AA,0.0571274
1040,rs73072483,3,73072483,AG,0.0285637
1041,rs73072483,3,73072483,GG,0.0
1042,rs35688352,3,35688352,GG,0.03723914
1043,rs35688352,3,35688352,AG,0.01861957
1044,rs35688352,3,35688352,AA,0.0
1045,rs891124,16,891124,TT,0.02
1046,rs891124,16,891124,CT,0.01
1047,rs891124,16,891124,CC,0.0
1048,rs35914833,14,35914833,AA,0.04
1049,rs35914833,14,35914833,AG,0.02
1050,rs35914833,14,35914833,GG,0.0
1051,rs6762267,3,6762267,CC,0.04
1052,rs6762267,3,6762267,CT,0.02
1053,rs6762267,3,6762267,TT,0.0
1054,rs7817124,8,7817124,CC,0.02
1055,rs7817124,8,7817124,CT,0.01
1056,rs7817124,8,7817124,TT,0.0
1057,rs6762267,3,6762267,CC,0.0188152
1058,rs6762267,3,6762267,CT,0.0094076
1059,rs6762267,3,6762267,TT,0.0
1060,rs542883,2,542883,CC,0.0158718
1061,rs542883,2,542883,CT,0.0079359
1062,rs542883,2,542883,TT,0.0
1063,rs7993710,13,7993710,TT,3.627694131
1064,rs7993710,13,7993710,CT,1.813847066
1065,rs7993710,13,7993710,CC,0.0
1066,rs942353,13,942353,TT,4.169106907
1067,rs942353,13,942353,CT,2.084553454
1068,rs942353,13,942353,CC,0.0
1069,rs178165,14,178165,AA,3.561397044
1070,rs178165,14,178165,AG,1.780698522
1071,rs178165,14,178165,GG,0.0
1072,rs12885221,14,12885221,CC,3.627694131
1073,rs12885221,14,12885221,CT,1.813847066
1074,rs12885221,14,12885221,TT,0.0
1075,rs1951167,14,1951167,AA,3.436584635
1076,rs1951167,14,1951167,AG,1.718292317
1077,rs1951167,14,1951167,GG,0.0
1078,rs12886584,14,12886584,TT,3.495266822
1079,rs12886584,14,12886584,CT,1.747633411
1080,rs12886584,14,12886584,CC,0.0
1081,rs7149169,14,7149169,AA,3.462957077
1082,rs7149169,14,7149169,AG,1.731478538
1083,rs7149169,14,7149169,GG,0.0
1084,rs61996704,14,61996704,AA,3.482685967
1085,rs61996704,14,61996704,AG,1.741342983
1086,rs61996704,14,61996704,GG,0.0
1087,rs10129426,14,10129426,AA,4.006470431
1088,rs10129426,14,10129426,AG,2.003235215
1089,rs10129426,14,10129426,GG,0.0
1090,rs72730918,15,72730918,TT,3.768373419
1091,rs72730918,15,72730918,CT,1.884186709
1092,rs72730918,15,72730918,CC,0.0
1093,rs2606146,15,2606146,TT,3.421098828
1094,rs2606146,15,2606146,CT,1.710549414
1095,rs2606146,15,2606146,CC,0.0
1096,rs2665103,15,2665103,TT,3.551260175
1097,rs2665103,15,2665103,CT,1.775630087
1098,rs2665103,15,2665103,CC,0.0
1099,rs11854289,15,11854289,TT,3.400384551
1100,rs11854289,15,11854289,CT,1.700192275
1101,rs11854289,15,11854289,CC,0.0
1102,rs837705,16,837705,AA,3.423627958
1103,rs837705,16,837705,AG,1.711813979
1104,rs837705,16,837705,GG,0.0
1105,rs72784651,16,72784651,TT,3.39892283
1106,rs72784651,16,72784651,CT,1.699461415
1107,rs72784651,16,72784651,CC,0.0
1108,rs72768642,16,72768642,TT,3.469319754
1109,rs72768642,16,72768642,CT,1.734659877
1110,rs72768642,16,72768642,CC,0.0
1111,rs7188873,16,7188873,AA,3.447318113
1112,rs7188873,16,7188873,AG,1.723659057
1113,rs7188873,16,7188873,GG,0.0
1114,rs56354901,16,56354901,TT,4.056822741
1115,rs56354901,16,56354901,CT,2.02841137
1116,rs56354901,16,56354901,CC,0.0
1117,rs153103,16,153103,TT,3.531515333
1118,rs153103,16,153103,CT,1.765757667
1119,rs153103,16,153103,CC,0.0
1120,rs193628,16,193628,TT,4.069411296
1121,rs193628,16,193628,CT,2.034705648
1122,rs193628,16,193628,CC,0.0
1123,rs1990634,16,1990634,TT,3.810473906
1124,rs1990634,16,1990634,CT,1.905236953
1125,rs1990634,16,1990634,CC,0.0
1126,rs7203132,16,7203132,AA,3.910022927
1127,rs7203132,16,7203132,AG,1.955011463
1128,rs7203132,16,7203132,GG,0.0
1129,rs17193922,16,17193922,CC,3.676013441
1130,rs17193922,16,17193922,CT,1.83800672
1131,rs17193922,16,17193922,TT,0.0
1132,rs806219,7,806219,TT,3.658752666
1133,rs806219,7,806219,CT,1.829376333
1134,rs806219,7,806219,CC,0.0
1135,rs3808093,7,3808093,AA,3.665482902
1136,rs3808093,7,3808093,AG,1.832741451
1137,rs3808093,7,3808093,GG,0.0
1138,rs3757771,7,3757771,TT,3.500138084
1139,rs3757771,7,3757771,CT,1.750069042
1140,rs3757771,7,3757771,CC,0.0
1141,rs6467482,7,6467482,AA,3.593494021
1142,rs6467482,7,6467482,AG,1.796747011
1143,rs6467482,7,6467482,GG,0.0
1144,rs35792732,7,35792732,TT,3.422544437
1145,rs35792732,7,35792732,CT,1.711272218
1146,rs35792732,7,35792732,CC,0.0
1147,rs35284403,7,35284403,TT,3.47812336
1148,rs35284403,7,35284403,CT,1.73906168
1149,rs35284403,7,35284403,CC,0.0
1150,rs6949831,7,6949831,CC,3.627368053
1151,rs6949831,7,6949831,CT,1.813684027
1152,rs6949831,7,6949831,TT,0.0
1153,rs10954428,7,10954428,AA,3.736206072
1154,rs10954428,7,10954428,AG,1.868103036
1155,rs10954428,7,10954428,GG,0.0
1156,rs12682628,8,12682628,TT,3.849664847
1157,rs12682628,8,12682628,CT,1.924832423
1158,rs12682628,8,12682628,CC,0.0
1159,rs12675921,8,12675921,AA,3.438377553
1160,rs12675921,8,12675921,AG,1.719188776
1161,rs12675921,8,12675921,GG,0.0
1162,rs6471325,8,6471325,AA,3.870276104
1163,rs6471325,8,6471325,AG,1.935138052
1164,rs6471325,8,6471325,GG,0.0
1165,rs10965787,9,10965787,AA,3.523974622
1166,rs10965787,9,10965787,AG,1.761987311
1167,rs10965787,9,10965787,GG,0.0
1168,rs4557790,9,4557790,AA,3.561397044
1169,rs4557790,9,4557790,AG,1.780698522
1170,rs4557790,9,4557790,GG,0.0
1171,rs10733389,9,10733389,AA,4.181504666
1172,rs10733389,9,10733389,AG,2.090752333
1173,rs10733389,9,10733389,GG,0.0
1174,rs4526443,9,4526443,TT,4.034334244
1175,rs4526443,9,4526443,CT,2.017167122
1176,rs4526443,9,4526443,CC,0.0
1177,rs7038525,9,7038525,TT,3.569133997
1178,rs7038525,9,7038525,CT,1.784566999
1179,rs7038525,9,7038525,CC,0.0
1180,rs10966119,9,10966119,CC,3.572153372
1181,rs10966119,9,10966119,CT,1.786076686
1182,rs10966119,9,10966119,TT,0.0
1183,rs7924036,10,7924036,TT,3.444818782
1184,rs7924036,10,7924036,CT,1.722409391
1185,rs7924036,10,7924036,CC,0.0
1186,rs749694,10,749694,AA,3.9934781
1187,rs749694,10,749694,AG,1.99673905
1188,rs749694,10,749694,GG,0.0
1189,rs2485371,10,2485371,TT,4.033269707
1190,rs2485371,10,2485371,CT,2.016634853
1191,rs2485371,10,2485371,CC,0.0
1192,rs72845660,10,72845660,CC,3.632578934
1193,rs72845660,10,72845660,CT,1.816289467
1194,rs72845660,10,72845660,TT,0.0
1195,rs11191270,10,11191270,TT,3.875467915
1196,rs11191270,10,11191270,CT,1.937733958
1197,rs11191270,10,11191270,CC,0.0
1198,rs10875915,12,10875915,TT,3.836196783
1199,rs10875915,12,10875915,CT,1.918098391
1200,rs10875915,12,10875915,CC,0.0
1201,rs7959831,12,7959831,TT,3.417118007
1202,rs7959831,12,7959831,CT,1.708559003
1203,rs7959831,12,7959831,CC,0.0
1204,rs2476729,13,2476729,AA,3.577175556
1205,rs2476729,13,2476729,AG,1.788587778
1206,rs2476729,13,2476729,GG,0.0
1207,rs9901146,17,9901146,GG,0.161208
1208,rs9901146,17,9901146,AG,0.080604
1209,rs9901146,17,9901146,AA,0.0
1210,rs4870,1,4870,GG,0.028844
1211,rs4870,1,4870,AG,0.014422
1212,rs4870,1,4870,AA,0.0
1213,rs7518602,1,7518602,CC,0.044226
1214,rs7518602,1,7518602,CT,0.022113
1215,rs7518602,1,7518602,TT,0.0
1216,rs35249183,1,35249183,GG,0.079982
1217,rs35249183,1,35249183,AG,0.039991
1218,rs35249183,1,35249183,AA,0.0
1219,rs75056698,3,75056698,CC,0.036758132
1220,rs75056698,3,75056698,CT,0.018379066
1221,rs75056698,3,75056698,TT,0.0
1222,rs4618204,3,4618204,CC,0.038029924
1223,rs4618204,3,4618204,CT,0.019014962
1224,rs4618204,3,4618204,TT,0.0
1225,rs79754744,3,79754744,GG,0.09705729
1226,rs79754744,3,79754744,AG,0.048528645
1227,rs79754744,3,79754744,AA,0.0
1228,rs9868582,3,9868582,TT,0.046123006
1229,rs9868582,3,9868582,CT,0.023061503
1230,rs9868582,3,9868582,CC,0.0
1231,rs74562885,3,74562885,CC,0.066667854
1232,rs74562885,3,74562885,CT,0.033333927
1233,rs74562885,3,74562885,TT,0.0
1234,rs12494693,3,12494693,AA,0.043008872
1235,rs12494693,3,12494693,AG,0.021504436
1236,rs12494693,3,12494693,GG,0.0
1237,rs2715275,3,2715275,GG,0.039930876
1238,rs2715275,3,2715275,AG,0.019965438
1239,rs2715275,3,2715275,AA,0.0
1240,rs10934578,3,10934578,TT,0.03780504
1241,rs10934578,3,10934578,CT,0.01890252
1242,rs10934578,3,10934578,CC,0.0
1243,rs6782812,3,6782812,AA,0.30773652
1244,rs6782812,3,6782812,AG,0.15386826
1245,rs6782812,3,6782812,GG,0.0
1246,rs9289330,3,9289330,GG,0.084358252
1247,rs9289330,3,9289330,AG,0.042179126
1248,rs9289330,3,9289330,AA,0.0
1249,rs191451841,3,191451841,TT,0.21668738
1250,rs191451841,3,191451841,CT,0.10834369
1251,rs191451841,3,191451841,CC,0.0
1252,rs112097551,3,112097551,AA,0.4393058
1253,rs112097551,3,112097551,AG,0.2196529
1254,rs112097551,3,112097551,GG,0.0
1255,rs34888832,3,34888832,GG,0.03124096
1256,rs34888832,3,34888832,AG,0.01562048
1257,rs34888832,3,34888832,AA,0.0
1258,rs111381449,3,111381449,GG,0.037371724
1259,rs111381449,3,111381449,AG,0.018685862
1260,rs111381449,3,111381449,AA,0.0
1261,rs1516527,3,1516527,CC,0.070702196
1262,rs1516527,3,1516527,CT,0.035351098
1263,rs1516527,3,1516527,TT,0.0
1264,rs4680250,3,4680250,GG,0.029609412
1265,rs4680250,3,4680250,AG,0.014804706
1266,rs4680250,3,4680250,AA,0.0
1267,rs36039672,3,36039672,AA,0.07401592
1268,rs36039672,3,36039672,AG,0.03700796
1269,rs36039672,3,36039672,GG,0.0
1270,rs191674933,3,191674933,TT,0.049902946
1271,rs191674933,3,191674933,CT,0.024951473
1272,rs191674933,3,191674933,CC,0.0
1273,rs3774039,3,3774039,AA,0.027442876
1274,rs3774039,3,3774039,AG,0.013721438
1275,rs3774039,3,3774039,GG,0.0
1276,rs6798870,3,6798870,AA,0.03391885
1277,rs6798870,3,6798870,AG,0.016959425
1278,rs6798870,3,6798870,GG,0.0
1279,rs78603540,3,78603540,ATAT,0.038480104
1280,rs78603540,3,78603540,AT/ref,0.019240052
1281,rs78603540,3,78603540,ref/ref,0.0
1282,rs9815874,3,9815874,TT,0.058477354
1283,rs9815874,3,9815874,CT,0.029238677
1284,rs9815874,3,9815874,CC,0.0
1285,rs11359133,3,11359133,TT,0.028010622
1286,rs11359133,3,11359133,CT,0.014005311
1287,rs11359133,3,11359133,CC,0.0
1288,rs7636493,3,7636493,AA,0.049029284
1289,rs7636493,3,7636493,AG,0.024514642
1290,rs7636493,3,7636493,GG,0.0
1291,rs9325377,3,9325377,GG,0.035656084
1292,rs9325377,3,9325377,AG,0.017828042
1293,rs9325377,3,9325377,AA,0.0
1294,rs7687708,4,7687708,GG,0.033113458
1295,rs7687708,4,7687708,AG,0.016556729
1296,rs7687708,4,7687708,AA,0.0
1297,rs9992667,4,9992667,TT,0.133718788
1298,rs9992667,4,9992667,CT,0.066859394
1299,rs9992667,4,9992667,CC,0.0
1300,rs78976775,4,78976775,CC,0.086808086
1301,rs78976775,4,78976775,CT,0.043404043
1302,rs78976775,4,78976775,TT,0.0
1303,rs57819604,4,57819604,AA,0.040987942
1304,rs57819604,4,57819604,AG,0.020493971
1305,rs57819604,4,57819604,GG,0.0
1306,rs17005891,4,17005891,AA,0.110674574
1307,rs17005891,4,17005891,AG,0.055337287
1308,rs17005891,4,17005891,GG,0.0
1309,rs113473633,4,113473633,GG,0.12492698
1310,rs113473633,4,113473633,AG,0.06246349
1311,rs113473633,4,113473633,AA,0.0
1312,rs141154688,4,141154688,CC,0.073381112
1313,rs141154688,4,141154688,CT,0.036690556
1314,rs141154688,4,141154688,TT,0.0
1315,rs2069772,4,2069772,CC,0.06951442
1316,rs2069772,4,2069772,CT,0.03475721
1317,rs2069772,4,2069772,TT,0.0
1318,rs1913191,4,1913191,TT,0.05358759
1319,rs1913191,4,1913191,CT,0.026793795
1320,rs1913191,4,1913191,CC,0.0
1321,rs7674870,4,7674870,GG,0.033127446
1322,rs7674870,4,7674870,AG,0.016563723
1323,rs7674870,4,7674870,AA,0.0
1324,rs11931711,4,11931711,TT,0.04411548
1325,rs11931711,4,11931711,CT,0.02205774
1326,rs11931711,4,11931711,CC,0.0
1327,rs2853677,5,2853677,AA,0.031693772
1328,rs2853677,5,2853677,AG,0.015846886
1329,rs2853677,5,2853677,GG,0.0
1330,rs10062687,5,10062687,GG,0.049291086
1331,rs10062687,5,10062687,AG,0.024645543
1332,rs10062687,5,10062687,AA,0.0
1333,rs16903574,5,16903574,GG,0.054771408
1334,rs16903574,5,16903574,AG,0.027385704
1335,rs16903574,5,16903574,AA,0.0
1336,rs4594881,5,4594881,TT,0.07501402
1337,rs4594881,5,4594881,CT,0.03750701
1338,rs4594881,5,4594881,CC,0.0
1339,rs4703730,5,4703730,TT,0.035544992
1340,rs4703730,5,4703730,CT,0.017772496
1341,rs4703730,5,4703730,CC,0.0
1342,rs34495,5,34495,TT,0.04077262
1343,rs34495,5,34495,CT,0.02038631
1344,rs34495,5,34495,CC,0.0
1345,rs1837253,5,1837253,CC,0.041918046
1346,rs1837253,5,1837253,CT,0.020959023
1347,rs1837253,5,1837253,TT,0.0
1348,rs10455025,5,10455025,CC,0.051220472
1349,rs10455025,5,10455025,CT,0.025610236
1350,rs10455025,5,10455025,TT,0.0
1351,rs10045577,5,10045577,TT,0.07837486
1352,rs10045577,5,10045577,CT,0.03918743
1353,rs10045577,5,10045577,CC,0.0
1354,rs27438,5,27438,AA,0.097827346
1355,rs27438,5,27438,AG,0.048913673
1356,rs27438,5,27438,GG,0.0
1357,rs12515180,5,12515180,TT,0.06373857
1358,rs12515180,5,12515180,CT,0.031869285
1359,rs12515180,5,12515180,CC,0.0
1360,rs17622517,5,17622517,CC,0.070469252
1361,rs17622517,5,17622517,CT,0.035234626
1362,rs17622517,5,17622517,TT,0.0
1363,rs112125244,5,3833644,TTTTG,0.037241254
1364,rs112125244,5,3833644,TTTTG/ref,0.018620627
1365,rs112125244,5,3833644,ref/ref,0.0
1366,rs139939228,5,139939228,CC,0.27057532
1367,rs139939228,5,139939228,CT,0.13528766
1368,rs139939228,5,139939228,TT,0.0
1369,rs62260729,3,62260729,CC,0.027173603
1370,rs62260729,3,62260729,CT,0.0135868015
1371,rs62260729,3,62260729,TT,0.0
1372,rs10965781,9,10965781,CC,0.026411108
1373,rs10965781,9,10965781,CT,0.013205554
1374,rs10965781,9,10965781,TT,0.0
1375,rs4506495,1,4506495,CC,0.034362458
1376,rs4506495,1,4506495,CT,0.017181229
1377,rs4506495,1,4506495,TT,0.0
1378,rs6028090,20,6028090,AA,0.026037526
1379,rs6028090,20,6028090,AG,0.013018763
1380,rs6028090,20,6028090,GG,0.0
1381,rs6459480,6,6459480,AA,0.025310892
1382,rs6459480,6,6459480,AG,0.012655446
1383,rs6459480,6,6459480,GG,0.0
1384,rs4772094,13,4772094,TT,0.025174944
1385,rs4772094,13,4772094,CT,0.012587472
1386,rs4772094,13,4772094,CC,0.0
1387,rs10462335,5,10462335,AA,0.025750006
1388,rs10462335,5,10462335,AG,0.012875003
1389,rs10462335,5,10462335,GG,0.0
1390,rs3738200,1,3738200,GG,0.034404226
1391,rs3738200,1,3738200,AG,0.017202113
1392,rs3738200,1,3738200,AA,0.0
1393,rs28491529,18,28491529,GG,0.028215724
1394,rs28491529,18,28491529,AG,0.014107862
1395,rs28491529,18,28491529,AA,0.0
1396,rs9388490,6,9388490,TT,0.025203094
1397,rs9388490,6,9388490,CT,0.012601547
1398,rs9388490,6,9388490,CC,0.0
1399,rs10165653,2,10165653,GG,0.02559617
1400,rs10165653,2,10165653,AG,0.012798085
1401,rs10165653,2,10165653,AA,0.0
1402,rs56221553,2,56221553,GG,0.03417917
1403,rs56221553,2,56221553,AG,0.017089585
1404,rs56221553,2,56221553,AA,0.0
1405,rs77966298,2,77966298,GG,0.037469998
1406,rs77966298,2,77966298,AG,0.018734999
1407,rs77966298,2,77966298,AA,0.0
1408,rs12122664,1,12122664,CC,0.027501378
1409,rs12122664,1,12122664,CT,0.013750689
1410,rs12122664,1,12122664,TT,0.0
1411,rs1566085,8,1566085,TT,0.025635127
1412,rs1566085,8,1566085,CT,0.0128175635
1413,rs1566085,8,1566085,CC,0.0
1414,rs1440277,11,1440277,TT,0.027151424
1415,rs1440277,11,1440277,CT,0.013575712
1416,rs1440277,11,1440277,CC,0.0
1417,rs11548200,1,11548200,CC,0.050998066
1418,rs11548200,1,11548200,CT,0.025499033
1419,rs11548200,1,11548200,TT,0.0
1420,rs4140762,12,4140762,GG,0.024891706
1421,rs4140762,12,4140762,AG,0.012445853
1422,rs4140762,12,4140762,AA,0.0
1423,rs11808748,1,11808748,TT,0.03976422
1424,rs11808748,1,11808748,CT,0.01988211
1425,rs11808748,1,11808748,CC,0.0
1426,rs1140085,4,1140085,AA,0.0360649
1427,rs1140085,4,1140085,AG,0.01803245
1428,rs1140085,4,1140085,GG,0.0
1429,rs17381294,1,17381294,AA,0.028097268
1430,rs17381294,1,17381294,AG,0.014048634
1431,rs17381294,1,17381294,GG,0.0
1432,rs6429082,1,6429082,CC,0.024821348
1433,rs6429082,1,6429082,CT,0.012410674
1434,rs6429082,1,6429082,TT,0.0
1435,rs10061788,5,10061788,AA,0.032450892
1436,rs10061788,5,10061788,AG,0.016225446
1437,rs10061788,5,10061788,GG,0.0
1438,rs1263412,4,1263412,GG,0.026943878
1439,rs1263412,4,1263412,AG,0.013471939
1440,rs1263412,4,1263412,AA,0.0
1441,rs248682,5,248682,AA,0.025339
1442,rs248682,5,248682,AG,0.0126695
1443,rs248682,5,248682,GG,0.0
1444,rs4800490,18,4800490,CC,0.024634488
1445,rs4800490,18,4800490,CT,0.012317244
1446,rs4800490,18,4800490,TT,0.0
1447,rs363096,4,363096,CC,0.024904333
1448,rs363096,4,363096,CT,0.0124521665
1449,rs363096,4,363096,TT,0.0
1450,rs10798888,1,10798888,TT,0.0316262
1451,rs10798888,1,10798888,CT,0.0158131
1452,rs10798888,1,10798888,CC,0.0
1453,rs1594996,4,1594996,CC,0.026112282
1454,rs1594996,4,1594996,CT,0.013056141
1455,rs1594996,4,1594996,TT,0.0
1456,rs17425572,9,17425572,GG,0.025297104
1457,rs17425572,9,17425572,AG,0.012648552
1458,rs17425572,9,17425572,AA,0.0
1459,rs783301,1,783301,TT,0.043853908
1460,rs783301,1,783301,CT,0.021926954
1461,rs783301,1,783301,CC,0.0
1462,rs3915398,11,3915398,GG,0.040385264
1463,rs3915398,11,3915398,AG,0.020192632
1464,rs3915398,11,3915398,AA,0.0
1465,rs1038630,7,1038630,GG,0.03194803
1466,rs1038630,7,1038630,AG,0.015974015
1467,rs1038630,7,1038630,AA,0.0
1468,rs2647234,4,2647234,CC,0.026248876
1469,rs2647234,4,2647234,CT,0.013124438
1470,rs2647234,4,2647234,TT,0.0
1471,rs10483349,14,10483349,GG,0.03354429
1472,rs10483349,14,10483349,AG,0.016772145
1473,rs10483349,14,10483349,AA,0.0
1474,rs2256086,4,2256086,GG,0.026275772
1475,rs2256086,4,2256086,AG,0.013137886
1476,rs2256086,4,2256086,AA,0.0
1477,rs4567409,11,4567409,GG,0.02515997
1478,rs4567409,11,4567409,AG,0.012579985
1479,rs4567409,11,4567409,AA,0.0
1480,rs7032484,9,7032484,AA,0.025292502
1481,rs7032484,9,7032484,AG,0.012646251
1482,rs7032484,9,7032484,GG,0.0
1483,rs4745729,10,4745729,GG,0.036544002
1484,rs4745729,10,4745729,AG,0.018272001
1485,rs4745729,10,4745729,AA,0.0
1486,rs4794003,17,4794003,TT,0.025019496
1487,rs4794003,17,4794003,CT,0.012509748
1488,rs4794003,17,4794003,CC,0.0
1489,rs12467104,2,12467104,AA,0.032505896
1490,rs12467104,2,12467104,AG,0.016252948
1491,rs12467104,2,12467104,GG,0.0
1492,rs306755,20,306755,CC,0.024985314
1493,rs306755,20,306755,CT,0.012492657
1494,rs306755,20,306755,TT,0.0
1495,rs6882046,5,6882046,GG,0.02790781
1496,rs6882046,5,6882046,AG,0.013953905
1497,rs6882046,5,6882046,AA,0.0
1498,rs6430030,2,6430030,TT,0.025836044
1499,rs6430030,2,6430030,CT,0.012918022
1500,rs6430030,2,6430030,CC,0.0
1501,rs4727618,7,4727618,AA,0.025503002
1502,rs4727618,7,4727618,AG,0.012751501
1503,rs4727618,7,4727618,GG,0.0
1504,rs159368,5,159368,GG,0.028129872
1505,rs159368,5,159368,AG,0.014064936
1506,rs159368,5,159368,AA,0.0
1507,rs131155,22,131155,GG,0.024865044
1508,rs131155,22,131155,AG,0.012432522
1509,rs131155,22,131155,AA,0.0
1510,rs12442330,15,12442330,CC,0.025510072
1511,rs12442330,15,12442330,CT,0.012755036
1512,rs12442330,15,12442330,TT,0.0
1513,rs10456918,6,10456918,CC,0.033389024
1514,rs10456918,6,10456918,CT,0.016694512
1515,rs10456918,6,10456918,TT,0.0
1516,rs76353274,2,76353274,AA,0.0790721
1517,rs76353274,2,76353274,AG,0.03953605
1518,rs76353274,2,76353274,GG,0.0
1519,rs2526376,17,2526376,AA,3.473902465
1520,rs2526376,17,2526376,AG,1.736951232
1521,rs2526376,17,2526376,GG,0.0
1522,rs740605,17,740605,TT,3.699113136
1523,rs740605,17,740605,CT,1.849556568
1524,rs740605,17,740605,CC,0.0
1525,rs10853627,18,10853627,TT,3.641017765
1526,rs10853627,18,10853627,CT,1.820508883
1527,rs10853627,18,10853627,CC,0.0
1528,rs1078459,18,1078459,TT,3.939811309
1529,rs1078459,18,1078459,CT,1.969905654
1530,rs1078459,18,1078459,CC,0.0
1531,rs11663156,18,11663156,TT,3.722881985
1532,rs11663156,18,11663156,CT,1.861440992
1533,rs11663156,18,11663156,CC,0.0
1534,rs13381096,18,13381096,AA,3.811961227
1535,rs13381096,18,13381096,AG,1.905980613
1536,rs13381096,18,13381096,GG,0.0
1537,rs10410601,19,10410601,AA,3.410586796
1538,rs10410601,19,10410601,AG,1.705293398
1539,rs10410601,19,10410601,GG,0.0
1540,rs2208590,20,2208590,TT,3.729710049
1541,rs2208590,20,2208590,CT,1.864855024
1542,rs2208590,20,2208590,CC,0.0
1543,rs6012558,20,6012558,AA,3.991032613
1544,rs6012558,20,6012558,AG,1.995516306
1545,rs6012558,20,6012558,GG,0.0
1546,rs6019537,20,6019537,AA,4.262406952
1547,rs6019537,20,6019537,AG,2.131203476
1548,rs6019537,20,6019537,GG,0.0
1549,rs1115535,20,1115535,TT,3.77201696
1550,rs1115535,20,1115535,CT,1.88600848
1551,rs1115535,20,1115535,CC,0.0
1552,rs237727,20,237727,AA,3.431915512
1553,rs237727,20,237727,AG,1.715957756
1554,rs237727,20,237727,GG,0.0
1555,rs145104523,21,145104523,TT,3.637776273
1556,rs145104523,21,145104523,CT,1.818888137
1557,rs145104523,21,145104523,CC,0.0
1558,rs5756805,22,5756805,TT,3.403669523
1559,rs5756805,22,5756805,CT,1.701834762
1560,rs5756805,22,5756805,CC,0.0
1561,rs2899319,22,2899319,AA,3.467554373
1562,rs2899319,22,2899319,AG,1.733777187
1563,rs2899319,22,2899319,GG,0.0
1564,rs28741121,22,28741121,AA,3.776864713
1565,rs28741121,22,28741121,AG,1.888432356
1566,rs28741121,22,28741121,GG,0.0
1567,rs719440,22,719440,TT,3.448031634
1568,rs719440,22,719440,CT,1.724015817
1569,rs719440,22,719440,CC,0.0
1570,rs5751191,22,5751191,TT,3.612967729
1571,rs5751191,22,5751191,CT,1.806483865
1572,rs5751191,22,5751191,CC,0.0
1573,rs9607868,22,9607868,AA,3.424710893
1574,rs9607868,22,9607868,AG,1.712355446
1575,rs9607868,22,9607868,GG,0.0
1576,rs2576835,2,2576835,AA,3.601768754
1577,rs2576835,2,2576835,AG,1.800884377
1578,rs2576835,2,2576835,GG,0.0
1579,rs11678106,2,11678106,TT,3.536299207
1580,rs11678106,2,11678106,CT,1.768149604
1581,rs11678106,2,11678106,CC,0.0
1582,rs2309812,2,2309812,TT,4.165621718
1583,rs2309812,2,2309812,CT,2.082810859
1584,rs2309812,2,2309812,CC,0.0
1585,rs10189912,2,10189912,AA,3.827364146
1586,rs10189912,2,10189912,AG,1.913682073
1587,rs10189912,2,10189912,GG,0.0
1588,rs6436555,2,6436555,AA,3.874027097
1589,rs6436555,2,6436555,AG,1.937013548
1590,rs6436555,2,6436555,GG,0.0
1591,rs12042978,1,12042978,CC,0.02566
1592,rs12042978,1,12042978,CT,0.01283
1593,rs12042978,1,12042978,TT,0.0
1594,rs2502995,1,2502995,CC,0.043706
1595,rs2502995,1,2502995,CT,0.021853
1596,rs2502995,1,2502995,TT,0.0
1597,rs34349689,1,34349689,II,0.03182
1598,rs34349689,1,34349689,I/ref,0.01591
1599,rs34349689,1,34349689,ref/ref,0.0
1600,rs1071849,1,1071849,GG,0.036668
1601,rs1071849,1,1071849,AG,0.018334
1602,rs1071849,1,1071849,AA,0.0
1603,rs76022305,1,76022305,TT,0.069302
1604,rs76022305,1,76022305,CT,0.034651
1605,rs76022305,1,76022305,CC,0.0
1606,rs4653102,1,4653102,CC,0.032664
1607,rs4653102,1,4653102,CT,0.016332
1608,rs4653102,1,4653102,TT,0.0
1609,rs476012,1,476012,AA,0.024802
1610,rs476012,1,476012,AG,0.012401
1611,rs476012,1,476012,GG,0.0
1612,rs1004870,1,1004870,TT,0.052368
1613,rs1004870,1,1004870,CT,0.026184
1614,rs1004870,1,1004870,CC,0.0
1615,rs12408934,1,12408934,AA,0.082638
1616,rs12408934,1,12408934,AG,0.041319
1617,rs12408934,1,12408934,GG,0.0
1618,rs41313381,1,41313381,AA,0.100262
1619,rs41313381,1,41313381,AG,0.050131
1620,rs41313381,1,41313381,GG,0.0
1621,rs6684992,1,6684992,TT,0.075318
1622,rs6684992,1,6684992,CT,0.037659
1623,rs6684992,1,6684992,CC,0.0
1624,rs56034708,1,56034708,AA,0.038214
1625,rs56034708,1,56034708,AG,0.019107
1626,rs56034708,1,56034708,GG,0.0
1627,rs35797862,1,35797862,II,0.04685
1628,rs35797862,1,35797862,I/ref,0.023425
1629,rs35797862,1,35797862,ref/ref,0.0
1630,rs111759324,1,111759324,TT,0.086048
1631,rs111759324,1,111759324,CT,0.043024
1632,rs111759324,1,111759324,CC,0.0
1633,rs200014787,1,200014787,DD,0.030542
1634,rs200014787,1,200014787,D/ref,0.015271
1635,rs200014787,1,200014787,ref/ref,0.0
1636,rs2793925,1,2793925,AA,0.033444
1637,rs2793925,1,2793925,AG,0.016722
1638,rs2793925,1,2793925,GG,0.0
1639,rs11204682,1,11204682,TT,0.082662
1640,rs11204682,1,11204682,CT,0.041331
1641,rs11204682,1,11204682,CC,0.0
1642,rs755587908,1,10556717,DD,0.031894
1643,rs755587908,1,10556717,D/ref,0.015947
1644,rs755587908,1,10556717,ref/ref,0.0
1645,rs34448954,1,34448954,TT,0.050506
1646,rs34448954,1,34448954,CT,0.025253
1647,rs34448954,1,34448954,CC,0.0
1648,rs1214598,1,1214598,AA,0.036296
1649,rs1214598,1,1214598,AG,0.018148
1650,rs1214598,1,1214598,GG,0.0
1651,rs6672031,1,6672031,GG,0.04023
1652,rs6672031,1,6672031,AG,0.020115
1653,rs6672031,1,6672031,AA,0.0
1654,rs4652560,1,4652560,TT,0.030794
1655,rs4652560,1,4652560,CT,0.015397
1656,rs4652560,1,4652560,CC,0.0
1657,rs1036332,1,1036332,CC,0.065392
1658,rs1036332,1,1036332,CT,0.032696
1659,rs1036332,1,1036332,TT,0.0
1660,rs11583398,1,11583398,AA,0.040738
1661,rs11583398,1,11583398,AG,0.020369
1662,rs11583398,1,11583398,GG,0.0
1663,rs1414517,1,1414517,GG,0.049954
1664,rs1414517,1,1414517,AG,0.024977
1665,rs1414517,1,1414517,AA,0.0
1666,rs1289273,1,1289273,GG,0.031818
1667,rs1289273,1,1289273,AG,0.015909
1668,rs1289273,1,1289273,AA,0.0
1669,rs4148757,1,4148757,CC,0.034294
1670,rs4148757,1,4148757,CT,0.017147
1671,rs4148757,1,4148757,TT,0.0
1672,rs346835,2,346835,TT,0.05338
1673,rs346835,2,346835,CT,0.02669
1674,rs346835,2,346835,CC,0.0
1675,rs11695281,2,11695281,TT,0.045954
1676,rs11695281,2,11695281,CT,0.022977
1677,rs11695281,2,11695281,CC,0.0
1678,rs1396836,2,1396836,CC,0.029626
1679,rs1396836,2,1396836,CT,0.014813
1680,rs1396836,2,1396836,TT,0.0
1681,rs336033,2,336033,GG,0.027536
1682,rs336033,2,336033,AG,0.013768
1683,rs336033,2,336033,AA,0.0
1684,rs149290349,2,149290349,AA,0.054186
1685,rs149290349,2,149290349,AG,0.027093
1686,rs149290349,2,149290349,GG,0.0
1687,rs7602992,2,7602992,GG,0.031086
1688,rs7602992,2,7602992,AG,0.015543
1689,rs7602992,2,7602992,AA,0.0
1690,rs778756,2,778756,GG,0.031918
1691,rs778756,2,778756,AG,0.015959
1692,rs778756,2,778756,AA,0.0
1693,rs7569084,2,7569084,TT,0.037414
1694,rs7569084,2,7569084,CT,0.018707
1695,rs7569084,2,7569084,CC,0.0
1696,rs13033745,2,13033745,TT,0.027016
1697,rs13033745,2,13033745,CT,0.013508
1698,rs13033745,2,13033745,CC,0.0
1699,rs2160783,2,2160783,GG,0.031888
1700,rs2160783,2,2160783,AG,0.015944
1701,rs2160783,2,2160783,AA,0.0
1702,rs11126424,2,11126424,CC,0.031196
1703,rs11126424,2,11126424,CT,0.015598
1704,rs11126424,2,11126424,TT,0.0
1705,rs13007211,2,13007211,TT,0.034908
1706,rs13007211,2,13007211,CT,0.017454
1707,rs13007211,2,13007211,CC,0.0
1708,rs12466317,2,12466317,AA,0.055234
1709,rs12466317,2,12466317,AG,0.027617
1710,rs12466317,2,12466317,GG,0.0
1711,rs144562456,2,144562456,CC,0.055826
1712,rs144562456,2,144562456,CT,0.027913
1713,rs144562456,2,144562456,TT,0.0
1714,rs2579506,2,2579506,AA,0.09493
1715,rs2579506,2,2579506,AG,0.047465
1716,rs2579506,2,2579506,GG,0.0
1717,rs9807989,2,9807989,CC,0.15972
1718,rs9807989,2,9807989,CT,0.07986
1719,rs9807989,2,9807989,TT,0.0
1720,rs6747023,2,6747023,GG,0.031742
1721,rs6747023,2,6747023,AG,0.015871
1722,rs6747023,2,6747023,AA,0.0
1723,rs72836346,2,72836346,CC,0.139758
1724,rs72836346,2,72836346,CT,0.069879
1725,rs72836346,2,72836346,TT,0.0
1726,rs925966,2,925966,GG,0.03659
1727,rs925966,2,925966,AG,0.018295
1728,rs925966,2,925966,AA,0.0
1729,rs79716587,2,79716587,AA,0.04891
1730,rs79716587,2,79716587,AG,0.024455
1731,rs79716587,2,79716587,GG,0.0
1732,rs1427499,2,1427499,GG,0.037332
1733,rs1427499,2,1427499,AG,0.018666
1734,rs1427499,2,1427499,AA,0.0
1735,rs151062078,2,151062078,DD,0.03051
1736,rs151062078,2,151062078,D/ref,0.015255
1737,rs151062078,2,151062078,ref/ref,0.0
1738,rs10195713,2,10195713,TT,0.04988
1739,rs10195713,2,10195713,CT,0.02494
1740,rs10195713,2,10195713,CC,0.0
1741,rs2111485,2,2111485,GG,0.03237
1742,rs2111485,2,2111485,AG,0.016185
1743,rs2111485,2,2111485,AA,0.0
1744,rs10930337,2,10930337,TT,0.02942
1745,rs10930337,2,10930337,CT,0.01471
1746,rs10930337,2,10930337,CC,0.0
1747,rs6731125,2,6731125,CC,0.034332
1748,rs6731125,2,6731125,CT,0.017166
1749,rs6731125,2,6731125,TT,0.0
1750,rs6741307,2,6741307,TT,0.028044
1751,rs6741307,2,6741307,CT,0.014022
1752,rs6741307,2,6741307,CC,0.0
1753,rs4675360,2,4675360,TT,0.095222
1754,rs4675360,2,4675360,CT,0.047611
1755,rs4675360,2,4675360,CC,0.0
1756,rs715,2,715,CC,0.035048
1757,rs715,2,715,CT,0.017524
1758,rs715,2,715,TT,0.0
1759,rs6750754,2,6750754,GG,0.127954
1760,rs6750754,2,6750754,AG,0.063977
1761,rs6750754,2,6750754,AA,0.0
1762,rs13023767,2,13023767,GG,0.043006
1763,rs13023767,2,13023767,AG,0.021503
1764,rs13023767,2,13023767,AA,0.0
1765,rs1057258,2,1057258,TT,0.064252
1766,rs1057258,2,1057258,CT,0.032126
1767,rs1057258,2,1057258,CC,0.0
1768,rs2326005,2,2326005,AA,0.02622
1769,rs2326005,2,2326005,AG,0.01311
1770,rs2326005,2,2326005,GG,0.0
1771,rs4676410,2,4676410,AA,0.031252
1772,rs4676410,2,4676410,AG,0.015626
1773,rs4676410,2,4676410,GG,0.0
1774,rs34290285,2,34290285,AA,0.091772
1775,rs34290285,2,34290285,AG,0.045886
1776,rs34290285,2,34290285,GG,0.0
1777,rs1695315,3,1695315,AA,0.06774
1778,rs1695315,3,1695315,AG,0.03387
1779,rs1695315,3,1695315,GG,0.0
1780,rs115820364,3,115820364,TT,0.090622
1781,rs115820364,3,115820364,CT,0.045311
1782,rs115820364,3,115820364,CC,0.0
1783,rs2920505,3,2920505,AA,0.059288
1784,rs2920505,3,2920505,AG,0.029644
1785,rs2920505,3,2920505,GG,0.0
1786,rs7613595,3,7613595,CC,0.04653
1787,rs7613595,3,7613595,CT,0.023265
1788,rs7613595,3,7613595,TT,0.0
1789,rs62238493,3,62238493,AA,0.031626
1790,rs62238493,3,62238493,AG,0.015813
1791,rs62238493,3,62238493,GG,0.0
1792,rs322692,3,322692,AA,0.03225
1793,rs322692,3,322692,AG,0.016125
1794,rs322692,3,322692,GG,0.0
1795,rs1353286,3,1353286,GG,0.040452
1796,rs1353286,3,1353286,AG,0.020226
1797,rs1353286,3,1353286,AA,0.0
1798,rs7646283,3,7646283,TT,0.051992
1799,rs7646283,3,7646283,CT,0.025996
1800,rs7646283,3,7646283,CC,0.0
1801,rs2228467,3,2228467,CC,0.124544
1802,rs2228467,3,2228467,CT,0.062272
1803,rs2228467,3,2228467,TT,0.0
1804,rs547055536,3,547055536,GG,0.50823
1805,rs547055536,3,547055536,AG,0.254115
1806,rs547055536,3,547055536,AA,0.0
1807,rs1986009,5,1986009,AA,0.16428931
1808,rs1986009,5,1986009,AG,0.082144655
1809,rs1986009,5,1986009,GG,0.0
1810,rs749891445,5,749891445,TT,0.7308214
1811,rs749891445,5,749891445,CT,0.3654107
1812,rs749891445,5,749891445,CC,0.0
1813,rs4705963,5,4705963,GG,0.048571494
1814,rs4705963,5,4705963,AG,0.024285747
1815,rs4705963,5,4705963,AA,0.0
1816,rs244676,5,244676,CC,0.05204669
1817,rs244676,5,244676,CT,0.026023345
1818,rs244676,5,244676,TT,0.0
1819,rs5742913,5,5742913,AA,0.062457484
1820,rs5742913,5,5742913,AG,0.031228742
1821,rs5742913,5,5742913,GG,0.0
1822,rs34317837,5,34317837,AA,0.043429416
1823,rs34317837,5,34317837,AG,0.021714708
1824,rs34317837,5,34317837,GG,0.0
1825,rs252128,5,252128,CC,0.031445548
1826,rs252128,5,252128,CT,0.015722774
1827,rs252128,5,252128,TT,0.0
1828,rs10699671,5,10699671,AAGG,0.075240866
1829,rs10699671,5,10699671,AAGG/ref,0.037620433
1830,rs10699671,5,10699671,ref/ref,0.0
1831,rs11739101,5,11739101,TT,0.03888458
1832,rs11739101,5,11739101,CT,0.01944229
1833,rs11739101,5,11739101,CC,0.0
1834,rs7705013,5,7705013,AA,0.03700666
1835,rs7705013,5,7705013,AG,0.01850333
1836,rs7705013,5,7705013,GG,0.0
1837,rs56330463,5,56330463,CC,0.0802195
1838,rs56330463,5,56330463,CT,0.04010975
1839,rs56330463,5,56330463,TT,0.0
1840,rs6580586,5,6580586,CC,0.046962154
1841,rs6580586,5,6580586,CT,0.023481077
1842,rs6580586,5,6580586,TT,0.0
1843,rs960709,5,960709,GG,0.046329074
1844,rs960709,5,960709,AG,0.023164537
1845,rs960709,5,960709,AA,0.0
1846,rs450067,5,450067,TT,0.031828336
1847,rs450067,5,450067,CT,0.015914168
1848,rs450067,5,450067,CC,0.0
1849,rs35438341,5,35438341,TT,0.0428442
1850,rs35438341,5,35438341,CT,0.0214221
1851,rs35438341,5,35438341,CC,0.0
1852,rs149990982,5,149990982,CC,0.039703812
1853,rs149990982,5,149990982,CT,0.019851906
1854,rs149990982,5,149990982,TT,0.0
1855,rs9313497,5,9313497,CC,0.06639776
1856,rs9313497,5,9313497,CT,0.03319888
1857,rs9313497,5,9313497,TT,0.0
1858,rs62385501,5,62385501,AA,0.029988064
1859,rs62385501,5,62385501,AG,0.014994032
1860,rs62385501,5,62385501,GG,0.0
1861,rs75049939,5,75049939,GG,0.031179606
1862,rs75049939,5,75049939,AG,0.015589803
1863,rs75049939,5,75049939,AA,0.0
1864,rs6556313,5,6556313,GG,0.03871945
1865,rs6556313,5,6556313,AG,0.019359725
1866,rs6556313,5,6556313,AA,0.0
1867,rs6904506,6,6904506,CC,0.085931912
1868,rs6904506,6,6904506,CT,0.042965956
1869,rs6904506,6,6904506,TT,0.0
1870,rs1511159,6,1511159,TT,0.050919488
1871,rs1511159,6,1511159,CT,0.025459744
1872,rs1511159,6,1511159,CC,0.0
1873,rs2797305,6,2797305,TT,0.051601976
1874,rs2797305,6,2797305,CT,0.025800988
1875,rs2797305,6,2797305,CC,0.0
1876,rs9328192,6,9328192,GG,0.028086482
1877,rs9328192,6,9328192,AG,0.014043241
1878,rs9328192,6,9328192,AA,0.0
1879,rs13192740,6,13192740,TT,0.04465972
1880,rs13192740,6,13192740,CT,0.02232986
1881,rs13192740,6,13192740,CC,0.0
1882,rs1866823,8,1866823,AA,0.024108234
1883,rs1866823,8,1866823,AG,0.012054117
1884,rs1866823,8,1866823,GG,0.0
1885,rs62081465,18,62081465,CC,0.028946456
1886,rs62081465,18,62081465,CT,0.014473228
1887,rs62081465,18,62081465,TT,0.0
1888,rs17414302,1,17414302,AA,0.041599996
1889,rs17414302,1,17414302,AG,0.020799998
1890,rs17414302,1,17414302,GG,0.0
1891,rs512579,1,512579,CC,0.0314902
1892,rs512579,1,512579,CT,0.0157451
1893,rs512579,1,512579,TT,0.0
1894,rs12969597,18,12969597,AA,0.023983445
1895,rs12969597,18,12969597,AG,0.0119917225
1896,rs12969597,18,12969597,GG,0.0
1897,rs656131,1,656131,CC,0.025783708
1898,rs656131,1,656131,CT,0.012891854
1899,rs656131,1,656131,TT,0.0
1900,rs35207189,13,35207189,GG,0.024673072
1901,rs35207189,13,35207189,AG,0.012336536
1902,rs35207189,13,35207189,AA,0.0
1903,rs860735,20,860735,CC,0.025070861
1904,rs860735,20,860735,CT,0.0125354305
1905,rs860735,20,860735,TT,0.0
1906,rs264038,1,264038,CC,0.0239518
1907,rs264038,1,264038,CT,0.0119759
1908,rs264038,1,264038,TT,0.0
1909,rs36022378,3,36022378,CC,0.030012778
1910,rs36022378,3,36022378,CT,0.015006389
1911,rs36022378,3,36022378,TT,0.0
1912,rs12915704,15,12915704,TT,0.02409098
1913,rs12915704,15,12915704,CT,0.01204549
1914,rs12915704,15,12915704,CC,0.0
1915,rs7144329,14,7144329,GG,0.02421033
1916,rs7144329,14,7144329,AG,0.012105165
1917,rs7144329,14,7144329,AA,0.0
1918,rs56194430,5,56194430,TT,0.032172262
1919,rs56194430,5,56194430,CT,0.016086131
1920,rs56194430,5,56194430,CC,0.0
1921,rs7025335,9,7025335,GG,0.024039594
1922,rs7025335,9,7025335,AG,0.012019797
1923,rs7025335,9,7025335,AA,0.0
1924,rs3106323,4,3106323,CC,0.023890744
1925,rs3106323,4,3106323,CT,0.011945372
1926,rs3106323,4,3106323,TT,0.0
1927,rs784219,18,784219,AA,0.042844712
1928,rs784219,18,784219,AG,0.021422356
1929,rs784219,18,784219,GG,0.0
1930,rs60658082,18,60658082,TT,0.023793368
1931,rs60658082,18,60658082,CT,0.011896684
1932,rs60658082,18,60658082,CC,0.0
1933,rs1421334,8,1421334,CC,0.023850818
1934,rs1421334,8,1421334,CT,0.011925409
1935,rs1421334,8,1421334,TT,0.0
1936,rs73080339,3,73080339,GG,0.048675954
1937,rs73080339,3,73080339,AG,0.024337977
1938,rs73080339,3,73080339,AA,0.0
1939,rs13246732,7,13246732,TT,0.025701066
1940,rs13246732,7,13246732,CT,0.012850533
1941,rs13246732,7,13246732,CC,0.0
1942,rs9342115,6,9342115,CC,0.043429784
1943,rs9342115,6,9342115,CT,0.021714892
1944,rs9342115,6,9342115,TT,0.0
1945,rs62167901,2,62167901,AA,0.037348014
1946,rs62167901,2,62167901,AG,0.018674007
1947,rs62167901,2,62167901,GG,0.0
1948,rs78689878,4,78689878,AA,0.06961736
1949,rs78689878,4,78689878,AG,0.03480868
1950,rs78689878,4,78689878,GG,0.0
1951,rs7793739,7,7793739,TT,0.023722236
1952,rs7793739,7,7793739,CT,0.011861118
1953,rs7793739,7,7793739,CC,0.0
1954,rs10780467,9,10780467,TT,0.023939362
1955,rs10780467,9,10780467,CT,0.011969681
1956,rs10780467,9,10780467,CC,0.0
1957,rs12640626,4,12640626,AA,0.02479152
1958,rs12640626,4,12640626,AG,0.01239576
1959,rs12640626,4,12640626,GG,0.0
1960,rs11022505,11,11022505,GG,0.024729856
1961,rs11022505,11,11022505,AG,0.012364928
1962,rs11022505,11,11022505,AA,0.0
1963,rs2798287,4,2798287,AA,0.024598844
1964,rs2798287,4,2798287,AG,0.012299422
1965,rs2798287,4,2798287,GG,0.0
1966,rs4837905,9,4837905,TT,0.027075356
1967,rs4837905,9,4837905,CT,0.013537678
1968,rs4837905,9,4837905,CC,0.0
1969,rs4799936,18,4799936,AA,0.026520834
1970,rs4799936,18,4799936,AG,0.013260417
1971,rs4799936,18,4799936,GG,0.0
1972,rs10953765,7,10953765,AA,0.02462859
1973,rs10953765,7,10953765,AG,0.012314295
1974,rs10953765,7,10953765,GG,0.0
1975,rs79785879,2,79785879,CC,0.077331326
1976,rs79785879,2,79785879,CT,0.038665663
1977,rs79785879,2,79785879,TT,0.0
1978,rs12274865,11,12274865,TT,0.02473229
1979,rs12274865,11,12274865,CT,0.012366145
1980,rs12274865,11,12274865,CC,0.0
1981,rs7602370,2,7602370,TT,0.024545582
1982,rs7602370,2,7602370,CT,0.012272791
1983,rs7602370,2,7602370,CC,0.0
1984,rs10502675,18,10502675,TT,0.027237022
1985,rs10502675,18,10502675,CT,0.013618511
1986,rs10502675,18,10502675,CC,0.0
1987,rs34761644,10,34761644,CC,0.032872808
1988,rs34761644,10,34761644,CT,0.016436404
1989,rs34761644,10,34761644,TT,0.0
1990,rs13006489,2,13006489,CC,0.024582744
1991,rs13006489,2,13006489,CT,0.012291372
1992,rs13006489,2,13006489,TT,0.0
1993,rs62182993,2,62182993,AA,0.026459136
1994,rs62182993,2,62182993,AG,0.013229568
1995,rs62182993,2,62182993,GG,0.0
1996,rs4772092,13,4772092,GG,0.025175956
1997,rs4772092,13,4772092,AG,0.012587978
1998,rs4772092,13,4772092,AA,0.0
1999,rs28558559,6,28558559,CC,0.038718068
2000,rs28558559,6,28558559,CT,0.019359034